shape_label,projection,M,K,N,mode,graph_contract,warmups,repetitions,kernel_name,kernel_event_count,kernel_mean_us,kernel_p50_us,kernel_p05_us,kernel_p95_us,kernel_stdev_us,kernel_min_us,kernel_max_us,effective_matmul_tflops,correctness_passed,correctness_relative_l2,correctness_max_abs,benchmark_sha256,wrapper_sha256,torch,torch_sendnn,result_path
kv,K/V,1,4096,1024,fp16,FP16 PrimaryInput -> BatchMatMul,5,20,fp16_bmm,20,62.58845,62.552,61.45205,63.7381,0.7164218453720655,61.32,63.816,0.13402805150151506,True,0.019726060330867767,0.1142578125,3536cfcb912779e2f04013df04d534e0c11b2d38a43152ca235e21b713bbd046,a5873a426ba376ca2f97172567d09e6402923f3281a40ecfb53e7949bdb174f9,2.10.0+aiu.kineto.1.1.1,1.3.0+main.1.1bef083.0,m1_k4096_n1024/fp16/profile/result.json
kv,K/V,1,4096,1024,fp8_scaled,FP16 PrimaryInput -> Identity(output FP8) -> BatchScaledMatmul,5,20,fp8_scaled_bmm-Qfp8,20,30.781150000000004,30.8935,29.422349999999998,31.561700000000002,0.727655157988569,29.391,31.879,0.272524190941534,True,0.013189326040446758,0.0771484375,3536cfcb912779e2f04013df04d534e0c11b2d38a43152ca235e21b713bbd046,a5873a426ba376ca2f97172567d09e6402923f3281a40ecfb53e7949bdb174f9,2.10.0+aiu.kineto.1.1.1,1.3.0+main.1.1bef083.0,m1_k4096_n1024/fp8/profile/result.json
kv,K/V,2,4096,1024,fp16,FP16 PrimaryInput -> BatchMatMul,5,20,fp16_bmm,20,64.613,65.03200000000001,62.7653,65.9724,1.2728906183627047,62.733,67.101,0.259656973054958,True,0.02029363065958023,0.125,3536cfcb912779e2f04013df04d534e0c11b2d38a43152ca235e21b713bbd046,a5873a426ba376ca2f97172567d09e6402923f3281a40ecfb53e7949bdb174f9,2.10.0+aiu.kineto.1.1.1,1.3.0+main.1.1bef083.0,m2_k4096_n1024/fp16/profile/result.json
kv,K/V,2,4096,1024,fp8_scaled,FP16 PrimaryInput -> Identity(output FP8) -> BatchScaledMatmul,5,20,fp8_scaled_bmm-Qfp8,20,30.6801,30.6405,29.4117,31.885450000000002,0.7353904727207318,29.197,32.065,0.5468435891669192,True,0.014248587191104889,0.08837890625,3536cfcb912779e2f04013df04d534e0c11b2d38a43152ca235e21b713bbd046,a5873a426ba376ca2f97172567d09e6402923f3281a40ecfb53e7949bdb174f9,2.10.0+aiu.kineto.1.1.1,1.3.0+main.1.1bef083.0,m2_k4096_n1024/fp8/profile/result.json
kv,K/V,4,4096,1024,fp16,FP16 PrimaryInput -> BatchMatMul,5,20,fp16_bmm,20,65.7791,66.03899999999999,64.35875,67.78255,1.1999831533905183,63.309,67.85,0.5101078001979352,True,0.02060597948729992,0.14453125,3536cfcb912779e2f04013df04d534e0c11b2d38a43152ca235e21b713bbd046,a5873a426ba376ca2f97172567d09e6402923f3281a40ecfb53e7949bdb174f9,2.10.0+aiu.kineto.1.1.1,1.3.0+main.1.1bef083.0,m4_k4096_n1024/fp16/profile/result.json
kv,K/V,4,4096,1024,fp8_scaled,FP16 PrimaryInput -> Identity(output FP8) -> BatchScaledMatmul,5,20,fp8_scaled_bmm-Qfp8,20,31.902049999999996,31.859,31.307399999999998,32.5102,0.5274086076977551,30.65,33.255,1.0517954802277598,True,0.01482989639043808,0.09765625,3536cfcb912779e2f04013df04d534e0c11b2d38a43152ca235e21b713bbd046,a5873a426ba376ca2f97172567d09e6402923f3281a40ecfb53e7949bdb174f9,2.10.0+aiu.kineto.1.1.1,1.3.0+main.1.1bef083.0,m4_k4096_n1024/fp8/profile/result.json
kv,K/V,8,4096,1024,fp16,FP16 PrimaryInput -> BatchMatMul,5,20,fp16_bmm,20,66.0562,65.89,63.97845,68.06734999999999,1.5909383063892948,63.588,68.91,1.015935884898011,True,0.020709242671728134,0.14453125,3536cfcb912779e2f04013df04d534e0c11b2d38a43152ca235e21b713bbd046,a5873a426ba376ca2f97172567d09e6402923f3281a40ecfb53e7949bdb174f9,2.10.0+aiu.kineto.1.1.1,1.3.0+main.1.1bef083.0,m8_k4096_n1024/fp16/profile/result.json
kv,K/V,8,4096,1024,fp8_scaled,FP16 PrimaryInput -> Identity(output FP8) -> BatchScaledMatmul,5,20,fp8_scaled_bmm-Qfp8,20,34.422399999999996,34.4315,33.6545,35.42165,0.6125597199672173,33.588,35.51,1.949569582597379,True,0.014805814251303673,0.1015625,3536cfcb912779e2f04013df04d534e0c11b2d38a43152ca235e21b713bbd046,a5873a426ba376ca2f97172567d09e6402923f3281a40ecfb53e7949bdb174f9,2.10.0+aiu.kineto.1.1.1,1.3.0+main.1.1bef083.0,m8_k4096_n1024/fp8/profile/result.json
kv,K/V,16,4096,1024,fp16,FP16 PrimaryInput -> BatchMatMul,5,20,fp16_bmm,20,71.11775,70.8965,69.51235,73.09745,1.3542946843672028,69.12,74.341,1.8872606065293123,True,0.020603790879249573,0.14453125,3536cfcb912779e2f04013df04d534e0c11b2d38a43152ca235e21b713bbd046,a5873a426ba376ca2f97172567d09e6402923f3281a40ecfb53e7949bdb174f9,2.10.0+aiu.kineto.1.1.1,1.3.0+main.1.1bef083.0,m16_k4096_n1024/fp16/profile/result.json
kv,K/V,16,4096,1024,fp8_scaled,FP16 PrimaryInput -> Identity(output FP8) -> BatchScaledMatmul,5,20,fp8_scaled_bmm-Qfp8,20,38.07015,38.089,37.32665,38.73935,0.5112217847059094,36.921,38.993,3.5255371465570793,True,0.014733103103935719,0.1015625,3536cfcb912779e2f04013df04d534e0c11b2d38a43152ca235e21b713bbd046,a5873a426ba376ca2f97172567d09e6402923f3281a40ecfb53e7949bdb174f9,2.10.0+aiu.kineto.1.1.1,1.3.0+main.1.1bef083.0,m16_k4096_n1024/fp8/profile/result.json
kv,K/V,32,4096,1024,fp16,FP16 PrimaryInput -> BatchMatMul,5,20,fp16_bmm,20,74.75715,74.424,72.56265,77.2535,1.6719017937351268,72.214,77.358,3.590766314660203,True,0.020609667524695396,0.14453125,3536cfcb912779e2f04013df04d534e0c11b2d38a43152ca235e21b713bbd046,a5873a426ba376ca2f97172567d09e6402923f3281a40ecfb53e7949bdb174f9,2.10.0+aiu.kineto.1.1.1,1.3.0+main.1.1bef083.0,m32_k4096_n1024/fp16/profile/result.json
kv,K/V,32,4096,1024,fp8_scaled,FP16 PrimaryInput -> Identity(output FP8) -> BatchScaledMatmul,5,20,fp8_scaled_bmm-Qfp8,20,45.9613,45.81699999999999,44.9952,46.9566,0.7861580864190768,44.79,48.108,5.840467001586117,True,0.014653561636805534,0.12890625,3536cfcb912779e2f04013df04d534e0c11b2d38a43152ca235e21b713bbd046,a5873a426ba376ca2f97172567d09e6402923f3281a40ecfb53e7949bdb174f9,2.10.0+aiu.kineto.1.1.1,1.3.0+main.1.1bef083.0,m32_k4096_n1024/fp8/profile/result.json
kv,K/V,64,4096,1024,fp16,FP16 PrimaryInput -> BatchMatMul,5,20,fp16_bmm,20,66.1117,66.032,64.2794,67.74875,1.1280339720528205,64.268,69.074,8.120664148705902,True,0.020604748278856277,0.14453125,3536cfcb912779e2f04013df04d534e0c11b2d38a43152ca235e21b713bbd046,a5873a426ba376ca2f97172567d09e6402923f3281a40ecfb53e7949bdb174f9,2.10.0+aiu.kineto.1.1.1,1.3.0+main.1.1bef083.0,m64_k4096_n1024/fp16/profile/result.json
kv,K/V,64,4096,1024,fp8_scaled,FP16 PrimaryInput -> Identity(output FP8) -> BatchScaledMatmul,5,20,fp8_scaled_bmm-Qfp8,20,47.3077,47.2415,46.38485,48.50025,0.8791498944105638,45.299,49.094,11.348488977481468,True,0.014626658521592617,0.12890625,3536cfcb912779e2f04013df04d534e0c11b2d38a43152ca235e21b713bbd046,a5873a426ba376ca2f97172567d09e6402923f3281a40ecfb53e7949bdb174f9,2.10.0+aiu.kineto.1.1.1,1.3.0+main.1.1bef083.0,m64_k4096_n1024/fp8/profile/result.json
kv,K/V,128,4096,1024,fp16,FP16 PrimaryInput -> BatchMatMul,5,20,fp16_bmm,20,69.64175,69.48400000000001,68.5778,70.66300000000001,0.6471329380225408,68.517,70.91,15.418076426856016,True,0.020593954250216484,0.14453125,3536cfcb912779e2f04013df04d534e0c11b2d38a43152ca235e21b713bbd046,a5873a426ba376ca2f97172567d09e6402923f3281a40ecfb53e7949bdb174f9,2.10.0+aiu.kineto.1.1.1,1.3.0+main.1.1bef083.0,m128_k4096_n1024/fp16/profile/result.json
kv,K/V,128,4096,1024,fp8_scaled,FP16 PrimaryInput -> Identity(output FP8) -> BatchScaledMatmul,5,20,fp8_scaled_bmm-Qfp8,20,54.4336,54.458,53.09855,55.88575,1.0994060788970512,52.881,57.211,19.72571764498398,True,0.014634453691542149,0.12890625,3536cfcb912779e2f04013df04d534e0c11b2d38a43152ca235e21b713bbd046,a5873a426ba376ca2f97172567d09e6402923f3281a40ecfb53e7949bdb174f9,2.10.0+aiu.kineto.1.1.1,1.3.0+main.1.1bef083.0,m128_k4096_n1024/fp8/profile/result.json
kv,K/V,256,4096,1024,fp16,FP16 PrimaryInput -> BatchMatMul,5,20,fp16_bmm,20,82.7878,82.881,81.30754999999999,83.85454999999999,0.8660670692394742,81.166,83.884,25.93961487079014,True,0.020587526261806488,0.14453125,3536cfcb912779e2f04013df04d534e0c11b2d38a43152ca235e21b713bbd046,a5873a426ba376ca2f97172567d09e6402923f3281a40ecfb53e7949bdb174f9,2.10.0+aiu.kineto.1.1.1,1.3.0+main.1.1bef083.0,m256_k4096_n1024/fp16/profile/result.json
kv,K/V,256,4096,1024,fp8_scaled,FP16 PrimaryInput -> Identity(output FP8) -> BatchScaledMatmul,5,20,fp8_scaled_bmm-Qfp8,20,68.83824999999999,68.39349999999999,66.90075,70.90294999999999,1.2971190293553583,66.63,70.94,31.196081364648293,True,0.014632759615778923,0.12890625,3536cfcb912779e2f04013df04d534e0c11b2d38a43152ca235e21b713bbd046,a5873a426ba376ca2f97172567d09e6402923f3281a40ecfb53e7949bdb174f9,2.10.0+aiu.kineto.1.1.1,1.3.0+main.1.1bef083.0,m256_k4096_n1024/fp8/profile/result.json
kv,K/V,512,4096,1024,fp16,FP16 PrimaryInput -> BatchMatMul,5,20,fp16_bmm,20,105.46045,105.543,104.01985,107.0766,1.1494678620081018,103.713,108.247,40.72585785476925,True,0.020590880885720253,0.14453125,3536cfcb912779e2f04013df04d534e0c11b2d38a43152ca235e21b713bbd046,a5873a426ba376ca2f97172567d09e6402923f3281a40ecfb53e7949bdb174f9,2.10.0+aiu.kineto.1.1.1,1.3.0+main.1.1bef083.0,m512_k4096_n1024/fp16/profile/result.json
kv,K/V,512,4096,1024,fp8_scaled,FP16 PrimaryInput -> Identity(output FP8) -> BatchScaledMatmul,5,20,fp8_scaled_bmm-Qfp8,20,108.13654999999999,108.086,107.7731,108.56595,0.24779734398134795,107.718,108.755,39.717998179154044,True,0.014630557037889957,0.12890625,3536cfcb912779e2f04013df04d534e0c11b2d38a43152ca235e21b713bbd046,a5873a426ba376ca2f97172567d09e6402923f3281a40ecfb53e7949bdb174f9,2.10.0+aiu.kineto.1.1.1,1.3.0+main.1.1bef083.0,m512_k4096_n1024/fp8/profile/result.json
kv,K/V,1024,4096,1024,fp16,FP16 PrimaryInput -> BatchMatMul,5,20,fp16_bmm,20,174.094,173.962,173.74925,174.5867,0.30547357539263276,173.64,174.6,49.3407848173975,True,0.020588066428899765,0.14453125,3536cfcb912779e2f04013df04d534e0c11b2d38a43152ca235e21b713bbd046,a5873a426ba376ca2f97172567d09e6402923f3281a40ecfb53e7949bdb174f9,2.10.0+aiu.kineto.1.1.1,1.3.0+main.1.1bef083.0,m1024_k4096_n1024/fp16/profile/result.json
kv,K/V,1024,4096,1024,fp8_scaled,FP16 PrimaryInput -> Identity(output FP8) -> BatchScaledMatmul,5,20,fp8_scaled_bmm-Qfp8,20,240.45465,240.45850000000002,239.46955,241.5806,0.8269175657381542,239.119,242.732,35.72372001123705,True,0.014623329974710941,0.12890625,3536cfcb912779e2f04013df04d534e0c11b2d38a43152ca235e21b713bbd046,a5873a426ba376ca2f97172567d09e6402923f3281a40ecfb53e7949bdb174f9,2.10.0+aiu.kineto.1.1.1,1.3.0+main.1.1bef083.0,m1024_k4096_n1024/fp8/profile/result.json
kv,K/V,2048,4096,1024,fp16,FP16 PrimaryInput -> BatchMatMul,5,20,fp16_bmm,20,301.44915000000003,301.4155,300.64725,302.30260000000004,0.5135021421571736,300.424,302.314,56.99093589748054,True,0.02059153839945793,0.14453125,3536cfcb912779e2f04013df04d534e0c11b2d38a43152ca235e21b713bbd046,a5873a426ba376ca2f97172567d09e6402923f3281a40ecfb53e7949bdb174f9,2.10.0+aiu.kineto.1.1.1,1.3.0+main.1.1bef083.0,m2048_k4096_n1024/fp16/profile/result.json
kv,K/V,2048,4096,1024,fp8_scaled,FP16 PrimaryInput -> Identity(output FP8) -> BatchScaledMatmul,5,20,fp8_scaled_bmm-Qfp8,20,464.9862,465.1135,463.8551,465.7985,0.7003834739100541,463.154,465.903,36.94705172755665,True,0.014625119976699352,0.12890625,3536cfcb912779e2f04013df04d534e0c11b2d38a43152ca235e21b713bbd046,a5873a426ba376ca2f97172567d09e6402923f3281a40ecfb53e7949bdb174f9,2.10.0+aiu.kineto.1.1.1,1.3.0+main.1.1bef083.0,m2048_k4096_n1024/fp8/profile/result.json
qo,Q/O,1,4096,4096,fp16,FP16 PrimaryInput -> BatchMatMul,5,20,fp16_bmm,20,230.32840000000002,230.8435,226.707,232.99235,2.167206870848428,224.427,233.759,0.1456808278961691,True,0.019733848050236702,0.1142578125,3536cfcb912779e2f04013df04d534e0c11b2d38a43152ca235e21b713bbd046,a5873a426ba376ca2f97172567d09e6402923f3281a40ecfb53e7949bdb174f9,2.10.0+aiu.kineto.1.1.1,1.3.0+main.1.1bef083.0,m1_k4096_n4096/fp16/profile/result.json
qo,Q/O,1,4096,4096,fp8_scaled,FP16 PrimaryInput -> Identity(output FP8) -> BatchScaledMatmul,5,20,fp8_scaled_bmm-Qfp8,20,112.04749999999999,112.0325,110.35525,113.3827,1.0383085688804312,109.942,114.08,0.2994661371293425,True,0.01318336557596922,0.0771484375,3536cfcb912779e2f04013df04d534e0c11b2d38a43152ca235e21b713bbd046,a5873a426ba376ca2f97172567d09e6402923f3281a40ecfb53e7949bdb174f9,2.10.0+aiu.kineto.1.1.1,1.3.0+main.1.1bef083.0,m1_k4096_n4096/fp8/profile/result.json
qo,Q/O,2,4096,4096,fp16,FP16 PrimaryInput -> BatchMatMul,5,20,fp16_bmm,20,232.0547,232.015,229.94490000000002,234.27970000000002,1.4117051690103453,229.772,234.35,0.2891941598252481,True,0.020290633663535118,0.125,3536cfcb912779e2f04013df04d534e0c11b2d38a43152ca235e21b713bbd046,a5873a426ba376ca2f97172567d09e6402923f3281a40ecfb53e7949bdb174f9,2.10.0+aiu.kineto.1.1.1,1.3.0+main.1.1bef083.0,m2_k4096_n4096/fp16/profile/result.json
qo,Q/O,2,4096,4096,fp8_scaled,FP16 PrimaryInput -> Identity(output FP8) -> BatchScaledMatmul,5,20,fp8_scaled_bmm-Qfp8,20,113.62425,113.465,112.11675000000001,115.12205,1.1518612341039942,112.112,116.32,0.5906209633946978,True,0.01424336712807417,0.08837890625,3536cfcb912779e2f04013df04d534e0c11b2d38a43152ca235e21b713bbd046,a5873a426ba376ca2f97172567d09e6402923f3281a40ecfb53e7949bdb174f9,2.10.0+aiu.kineto.1.1.1,1.3.0+main.1.1bef083.0,m2_k4096_n4096/fp8/profile/result.json
qo,Q/O,4,4096,4096,fp16,FP16 PrimaryInput -> BatchMatMul,5,20,fp16_bmm,20,234.66235,234.331,231.71165000000002,237.60235,2.123888174155077,231.61,240.478,0.5719610666133702,True,0.02059650793671608,0.14453125,3536cfcb912779e2f04013df04d534e0c11b2d38a43152ca235e21b713bbd046,a5873a426ba376ca2f97172567d09e6402923f3281a40ecfb53e7949bdb174f9,2.10.0+aiu.kineto.1.1.1,1.3.0+main.1.1bef083.0,m4_k4096_n4096/fp16/profile/result.json
qo,Q/O,4,4096,4096,fp8_scaled,FP16 PrimaryInput -> Identity(output FP8) -> BatchScaledMatmul,5,20,fp8_scaled_bmm-Qfp8,20,116.3546,116.2795,114.48715,118.42665,1.2781280884662214,114.433,118.61,1.1535231782843136,True,0.014824097976088524,0.09765625,3536cfcb912779e2f04013df04d534e0c11b2d38a43152ca235e21b713bbd046,a5873a426ba376ca2f97172567d09e6402923f3281a40ecfb53e7949bdb174f9,2.10.0+aiu.kineto.1.1.1,1.3.0+main.1.1bef083.0,m4_k4096_n4096/fp8/profile/result.json
qo,Q/O,8,4096,4096,fp16,FP16 PrimaryInput -> BatchMatMul,5,20,fp16_bmm,20,260.03795,260.56600000000003,254.9502,265.42665000000005,3.2437644387671756,254.137,267.662,1.0322933864076378,True,0.02070397138595581,0.14453125,3536cfcb912779e2f04013df04d534e0c11b2d38a43152ca235e21b713bbd046,a5873a426ba376ca2f97172567d09e6402923f3281a40ecfb53e7949bdb174f9,2.10.0+aiu.kineto.1.1.1,1.3.0+main.1.1bef083.0,m8_k4096_n4096/fp16/profile/result.json
qo,Q/O,8,4096,4096,fp8_scaled,FP16 PrimaryInput -> Identity(output FP8) -> BatchScaledMatmul,5,20,fp8_scaled_bmm-Qfp8,20,124.11985,123.8255,122.78925,126.56425,1.1677720701809646,122.319,126.607,2.1627117338604585,True,0.014802769757807255,0.1015625,3536cfcb912779e2f04013df04d534e0c11b2d38a43152ca235e21b713bbd046,a5873a426ba376ca2f97172567d09e6402923f3281a40ecfb53e7949bdb174f9,2.10.0+aiu.kineto.1.1.1,1.3.0+main.1.1bef083.0,m8_k4096_n4096/fp8/profile/result.json
qo,Q/O,16,4096,4096,fp16,FP16 PrimaryInput -> BatchMatMul,5,20,fp16_bmm,20,249.13060000000002,248.762,246.8655,251.69879999999998,1.7926909910728315,244.652,252.018,2.1549777987930825,True,0.020606843754649162,0.14453125,3536cfcb912779e2f04013df04d534e0c11b2d38a43152ca235e21b713bbd046,a5873a426ba376ca2f97172567d09e6402923f3281a40ecfb53e7949bdb174f9,2.10.0+aiu.kineto.1.1.1,1.3.0+main.1.1bef083.0,m16_k4096_n4096/fp16/profile/result.json
qo,Q/O,16,4096,4096,fp8_scaled,FP16 PrimaryInput -> Identity(output FP8) -> BatchScaledMatmul,5,20,fp8_scaled_bmm-Qfp8,20,139.2872,139.45999999999998,137.50715000000002,141.18865000000002,1.1074928822392152,136.693,141.334,3.8544167159652862,True,0.01473159994930029,0.1015625,3536cfcb912779e2f04013df04d534e0c11b2d38a43152ca235e21b713bbd046,a5873a426ba376ca2f97172567d09e6402923f3281a40ecfb53e7949bdb174f9,2.10.0+aiu.kineto.1.1.1,1.3.0+main.1.1bef083.0,m16_k4096_n4096/fp8/profile/result.json
qo,Q/O,32,4096,4096,fp16,FP16 PrimaryInput -> BatchMatMul,5,20,fp16_bmm,20,246.39065,246.34550000000002,241.77110000000002,249.95035,2.7869554653401734,241.222,251.401,4.357883807685073,True,0.020609570667147636,0.14453125,3536cfcb912779e2f04013df04d534e0c11b2d38a43152ca235e21b713bbd046,a5873a426ba376ca2f97172567d09e6402923f3281a40ecfb53e7949bdb174f9,2.10.0+aiu.kineto.1.1.1,1.3.0+main.1.1bef083.0,m32_k4096_n4096/fp16/profile/result.json
qo,Q/O,32,4096,4096,fp8_scaled,FP16 PrimaryInput -> Identity(output FP8) -> BatchScaledMatmul,5,20,fp8_scaled_bmm-Qfp8,20,131.3094,131.2155,128.82845,134.72375,1.8514605727996445,127.963,135.213,8.177189325364367,True,0.014650648459792137,0.12890625,3536cfcb912779e2f04013df04d534e0c11b2d38a43152ca235e21b713bbd046,a5873a426ba376ca2f97172567d09e6402923f3281a40ecfb53e7949bdb174f9,2.10.0+aiu.kineto.1.1.1,1.3.0+main.1.1bef083.0,m32_k4096_n4096/fp8/profile/result.json
qo,Q/O,64,4096,4096,fp16,FP16 PrimaryInput -> BatchMatMul,5,20,fp16_bmm,20,224.29645,224.9495,218.71654999999998,228.75805,3.4273348472629817,218.575,229.405,9.57430957110556,True,0.02060611918568611,0.14453125,3536cfcb912779e2f04013df04d534e0c11b2d38a43152ca235e21b713bbd046,a5873a426ba376ca2f97172567d09e6402923f3281a40ecfb53e7949bdb174f9,2.10.0+aiu.kineto.1.1.1,1.3.0+main.1.1bef083.0,m64_k4096_n4096/fp16/profile/result.json
qo,Q/O,64,4096,4096,fp8_scaled,FP16 PrimaryInput -> Identity(output FP8) -> BatchScaledMatmul,5,20,fp8_scaled_bmm-Qfp8,20,140.601,140.4895,138.18105,143.90875,1.8266481526786198,137.46,144.075,15.27360152488247,True,0.014624549075961113,0.12890625,3536cfcb912779e2f04013df04d534e0c11b2d38a43152ca235e21b713bbd046,a5873a426ba376ca2f97172567d09e6402923f3281a40ecfb53e7949bdb174f9,2.10.0+aiu.kineto.1.1.1,1.3.0+main.1.1bef083.0,m64_k4096_n4096/fp8/profile/result.json
qo,Q/O,128,4096,4096,fp16,FP16 PrimaryInput -> BatchMatMul,5,20,fp16_bmm,20,253.805,253.269,250.7241,257.54625,3.608398507575583,249.928,267.108,16.92231160142629,True,0.02059575356543064,0.14453125,3536cfcb912779e2f04013df04d534e0c11b2d38a43152ca235e21b713bbd046,a5873a426ba376ca2f97172567d09e6402923f3281a40ecfb53e7949bdb174f9,2.10.0+aiu.kineto.1.1.1,1.3.0+main.1.1bef083.0,m128_k4096_n4096/fp16/profile/result.json
qo,Q/O,128,4096,4096,fp8_scaled,FP16 PrimaryInput -> Identity(output FP8) -> BatchScaledMatmul,5,20,fp8_scaled_bmm-Qfp8,20,189.65355,189.839,187.02519999999998,191.07975,1.430247695699117,185.623,191.341,22.646384926620144,True,0.01463206298649311,0.12890625,3536cfcb912779e2f04013df04d534e0c11b2d38a43152ca235e21b713bbd046,a5873a426ba376ca2f97172567d09e6402923f3281a40ecfb53e7949bdb174f9,2.10.0+aiu.kineto.1.1.1,1.3.0+main.1.1bef083.0,m128_k4096_n4096/fp8/profile/result.json
qo,Q/O,256,4096,4096,fp16,FP16 PrimaryInput -> BatchMatMul,5,20,fp16_bmm,20,278.95915,278.8375,276.89845,281.18635,1.6441839849347124,276.033,283.606,30.792804580885768,True,0.020588980987668037,0.14453125,3536cfcb912779e2f04013df04d534e0c11b2d38a43152ca235e21b713bbd046,a5873a426ba376ca2f97172567d09e6402923f3281a40ecfb53e7949bdb174f9,2.10.0+aiu.kineto.1.1.1,1.3.0+main.1.1bef083.0,m256_k4096_n4096/fp16/profile/result.json
qo,Q/O,256,4096,4096,fp8_scaled,FP16 PrimaryInput -> Identity(output FP8) -> BatchScaledMatmul,5,20,fp8_scaled_bmm-Qfp8,20,272.5204,273.07050000000004,268.69345,275.97475,2.705401816639008,264.978,276.616,31.52033606291492,True,0.014630063436925411,0.12890625,3536cfcb912779e2f04013df04d534e0c11b2d38a43152ca235e21b713bbd046,a5873a426ba376ca2f97172567d09e6402923f3281a40ecfb53e7949bdb174f9,2.10.0+aiu.kineto.1.1.1,1.3.0+main.1.1bef083.0,m256_k4096_n4096/fp8/profile/result.json
qo,Q/O,512,4096,4096,fp16,FP16 PrimaryInput -> BatchMatMul,5,20,fp16_bmm,20,349.6402,349.52549999999997,348.59275,351.10900000000004,1.0314847550982085,348.17,351.641,49.13585218175713,True,0.010830164887011051,0.09375,3536cfcb912779e2f04013df04d534e0c11b2d38a43152ca235e21b713bbd046,a5873a426ba376ca2f97172567d09e6402923f3281a40ecfb53e7949bdb174f9,2.10.0+aiu.kineto.1.1.1,1.3.0+main.1.1bef083.0,m512_k4096_n4096/fp16/profile/result.json
qo,Q/O,512,4096,4096,fp8_scaled,FP16 PrimaryInput -> Identity(output FP8) -> BatchScaledMatmul,5,20,fp8_scaled_bmm-Qfp8,20,414.4615,414.56550000000004,413.50605,415.32175,0.6272684726989793,412.899,415.583,41.45106164022472,True,0.014628077857196331,0.12890625,3536cfcb912779e2f04013df04d534e0c11b2d38a43152ca235e21b713bbd046,a5873a426ba376ca2f97172567d09e6402923f3281a40ecfb53e7949bdb174f9,2.10.0+aiu.kineto.1.1.1,1.3.0+main.1.1bef083.0,m512_k4096_n4096/fp8/profile/result.json
qo,Q/O,1024,4096,4096,fp16,FP16 PrimaryInput -> BatchMatMul,5,20,fp16_bmm,20,604.8111,604.7384999999999,602.80875,606.7687,1.356965961641113,602.215,607.751,56.810694062989256,True,0.010831066407263279,0.09375,3536cfcb912779e2f04013df04d534e0c11b2d38a43152ca235e21b713bbd046,a5873a426ba376ca2f97172567d09e6402923f3281a40ecfb53e7949bdb174f9,2.10.0+aiu.kineto.1.1.1,1.3.0+main.1.1bef083.0,m1024_k4096_n4096/fp16/profile/result.json
qo,Q/O,1024,4096,4096,fp8_scaled,FP16 PrimaryInput -> Identity(output FP8) -> BatchScaledMatmul,5,20,fp8_scaled_bmm-Qfp8,20,782.9799,783.269,781.3979,784.40475,0.9866798606277665,781.377,784.438,43.883295558417274,True,0.014621659182012081,0.12890625,3536cfcb912779e2f04013df04d534e0c11b2d38a43152ca235e21b713bbd046,a5873a426ba376ca2f97172567d09e6402923f3281a40ecfb53e7949bdb174f9,2.10.0+aiu.kineto.1.1.1,1.3.0+main.1.1bef083.0,m1024_k4096_n4096/fp8/profile/result.json
qo,Q/O,2048,4096,4096,fp16,FP16 PrimaryInput -> BatchMatMul,5,20,fp16_bmm,20,1143.7534,1144.194,1140.47455,1147.0986,2.522827682539898,1140.124,1149.238,60.08242400503465,True,0.01083249133080244,0.09375,3536cfcb912779e2f04013df04d534e0c11b2d38a43152ca235e21b713bbd046,a5873a426ba376ca2f97172567d09e6402923f3281a40ecfb53e7949bdb174f9,2.10.0+aiu.kineto.1.1.1,1.3.0+main.1.1bef083.0,m2048_k4096_n4096/fp16/profile/result.json
qo,Q/O,2048,4096,4096,fp8_scaled,FP16 PrimaryInput -> Identity(output FP8) -> BatchScaledMatmul,5,20,fp8_scaled_bmm-Qfp8,20,1667.5031,1667.334,1662.6400500000002,1675.8884,5.213463813707945,1655.706,1678.347,41.21100388718917,True,0.014628642238676548,0.12890625,3536cfcb912779e2f04013df04d534e0c11b2d38a43152ca235e21b713bbd046,a5873a426ba376ca2f97172567d09e6402923f3281a40ecfb53e7949bdb174f9,2.10.0+aiu.kineto.1.1.1,1.3.0+main.1.1bef083.0,m2048_k4096_n4096/fp8/profile/result.json
mlp_up,gate/up,1,4096,12800,fp16,FP16 PrimaryInput -> BatchMatMul,5,20,fp16_bmm,20,828.9262000000001,827.6595,824.47735,835.6679,4.323734455549418,820.646,839.295,0.12649811285974552,True,0.019736947491765022,0.1142578125,3536cfcb912779e2f04013df04d534e0c11b2d38a43152ca235e21b713bbd046,a5873a426ba376ca2f97172567d09e6402923f3281a40ecfb53e7949bdb174f9,2.10.0+aiu.kineto.1.1.1,1.3.0+main.1.1bef083.0,m1_k4096_n12800/fp16/profile/result.json
mlp_up,gate/up,1,4096,12800,fp8_scaled,FP16 PrimaryInput -> Identity(output FP8) -> BatchScaledMatmul,5,20,fp8_scaled_bmm-Qfp8,20,434.55604999999997,435.18449999999996,428.4677,438.11510000000004,3.020452762766741,427.721,438.174,0.24129821688134362,True,0.013185771182179451,0.0771484375,3536cfcb912779e2f04013df04d534e0c11b2d38a43152ca235e21b713bbd046,a5873a426ba376ca2f97172567d09e6402923f3281a40ecfb53e7949bdb174f9,2.10.0+aiu.kineto.1.1.1,1.3.0+main.1.1bef083.0,m1_k4096_n12800/fp8/profile/result.json
mlp_up,gate/up,2,4096,12800,fp16,FP16 PrimaryInput -> BatchMatMul,5,20,fp16_bmm,20,831.0072,830.6955,824.6015,837.9669,5.176982260575725,823.547,844.558,0.2523626750767021,True,0.020295528694987297,0.125,3536cfcb912779e2f04013df04d534e0c11b2d38a43152ca235e21b713bbd046,a5873a426ba376ca2f97172567d09e6402923f3281a40ecfb53e7949bdb174f9,2.10.0+aiu.kineto.1.1.1,1.3.0+main.1.1bef083.0,m2_k4096_n12800/fp16/profile/result.json
mlp_up,gate/up,2,4096,12800,fp8_scaled,FP16 PrimaryInput -> Identity(output FP8) -> BatchScaledMatmul,5,20,fp8_scaled_bmm-Qfp8,20,434.4943,434.1005,430.8947,440.78585000000004,3.2112574041626534,430.528,441.163,0.48266502000141315,True,0.014243803918361664,0.08837890625,3536cfcb912779e2f04013df04d534e0c11b2d38a43152ca235e21b713bbd046,a5873a426ba376ca2f97172567d09e6402923f3281a40ecfb53e7949bdb174f9,2.10.0+aiu.kineto.1.1.1,1.3.0+main.1.1bef083.0,m2_k4096_n12800/fp8/profile/result.json
mlp_up,gate/up,4,4096,12800,fp16,FP16 PrimaryInput -> BatchMatMul,5,20,fp16_bmm,20,826.8656500000001,825.5754999999999,820.907,832.78985,5.238659714840694,819.995,841.09,0.5072533851176427,True,0.020599326118826866,0.14453125,3536cfcb912779e2f04013df04d534e0c11b2d38a43152ca235e21b713bbd046,a5873a426ba376ca2f97172567d09e6402923f3281a40ecfb53e7949bdb174f9,2.10.0+aiu.kineto.1.1.1,1.3.0+main.1.1bef083.0,m4_k4096_n12800/fp16/profile/result.json
mlp_up,gate/up,4,4096,12800,fp8_scaled,FP16 PrimaryInput -> Identity(output FP8) -> BatchScaledMatmul,5,20,fp8_scaled_bmm-Qfp8,20,463.73105,462.653,459.9478,468.00125,3.610203675184518,459.944,474.257,0.9044690882786477,True,0.014824755489826202,0.09765625,3536cfcb912779e2f04013df04d534e0c11b2d38a43152ca235e21b713bbd046,a5873a426ba376ca2f97172567d09e6402923f3281a40ecfb53e7949bdb174f9,2.10.0+aiu.kineto.1.1.1,1.3.0+main.1.1bef083.0,m4_k4096_n12800/fp8/profile/result.json
mlp_up,gate/up,8,4096,12800,fp16,FP16 PrimaryInput -> BatchMatMul,5,20,fp16_bmm,20,829.60995,829.7465,821.17235,839.6685,6.336706578383318,820.058,840.134,1.011150842633939,True,0.020704759284853935,0.14453125,3536cfcb912779e2f04013df04d534e0c11b2d38a43152ca235e21b713bbd046,a5873a426ba376ca2f97172567d09e6402923f3281a40ecfb53e7949bdb174f9,2.10.0+aiu.kineto.1.1.1,1.3.0+main.1.1bef083.0,m8_k4096_n12800/fp16/profile/result.json
mlp_up,gate/up,8,4096,12800,fp8_scaled,FP16 PrimaryInput -> Identity(output FP8) -> BatchScaledMatmul,5,20,fp8_scaled_bmm-Qfp8,20,492.3642,492.78200000000004,488.2496,496.99795,3.301033228997759,486.703,497.263,1.7037404425423295,True,0.014803961850702763,0.1015625,3536cfcb912779e2f04013df04d534e0c11b2d38a43152ca235e21b713bbd046,a5873a426ba376ca2f97172567d09e6402923f3281a40ecfb53e7949bdb174f9,2.10.0+aiu.kineto.1.1.1,1.3.0+main.1.1bef083.0,m8_k4096_n12800/fp8/profile/result.json
mlp_up,gate/up,16,4096,12800,fp16,FP16 PrimaryInput -> BatchMatMul,5,20,fp16_bmm,20,828.37925,826.972,818.75225,840.50895,8.168189542848209,817.199,846.018,2.0253061626060767,True,0.02060721255838871,0.14453125,3536cfcb912779e2f04013df04d534e0c11b2d38a43152ca235e21b713bbd046,a5873a426ba376ca2f97172567d09e6402923f3281a40ecfb53e7949bdb174f9,2.10.0+aiu.kineto.1.1.1,1.3.0+main.1.1bef083.0,m16_k4096_n12800/fp16/profile/result.json
mlp_up,gate/up,16,4096,12800,fp8_scaled,FP16 PrimaryInput -> Identity(output FP8) -> BatchScaledMatmul,5,20,fp8_scaled_bmm-Qfp8,20,509.9246,510.37300000000005,502.85085,515.7434,3.7335672006949707,501.746,515.96,3.290136620198359,True,0.014732098206877708,0.1015625,3536cfcb912779e2f04013df04d534e0c11b2d38a43152ca235e21b713bbd046,a5873a426ba376ca2f97172567d09e6402923f3281a40ecfb53e7949bdb174f9,2.10.0+aiu.kineto.1.1.1,1.3.0+main.1.1bef083.0,m16_k4096_n12800/fp8/profile/result.json
mlp_up,gate/up,32,4096,12800,fp16,FP16 PrimaryInput -> BatchMatMul,5,20,fp16_bmm,20,900.51765,902.9665,891.26795,907.9638,6.404816462919455,888.037,909.651,3.726127078131117,True,0.020609799772500992,0.14453125,3536cfcb912779e2f04013df04d534e0c11b2d38a43152ca235e21b713bbd046,a5873a426ba376ca2f97172567d09e6402923f3281a40ecfb53e7949bdb174f9,2.10.0+aiu.kineto.1.1.1,1.3.0+main.1.1bef083.0,m32_k4096_n12800/fp16/profile/result.json
mlp_up,gate/up,32,4096,12800,fp8_scaled,FP16 PrimaryInput -> Identity(output FP8) -> BatchScaledMatmul,5,20,fp8_scaled_bmm-Qfp8,20,538.1895499999999,539.012,531.0055500000001,545.04685,5.167947922939106,530.313,545.101,6.234686645253518,True,0.014650152996182442,0.12890625,3536cfcb912779e2f04013df04d534e0c11b2d38a43152ca235e21b713bbd046,a5873a426ba376ca2f97172567d09e6402923f3281a40ecfb53e7949bdb174f9,2.10.0+aiu.kineto.1.1.1,1.3.0+main.1.1bef083.0,m32_k4096_n12800/fp8/profile/result.json
mlp_up,gate/up,64,4096,12800,fp16,FP16 PrimaryInput -> BatchMatMul,5,20,fp16_bmm,20,677.767,677.563,667.15105,691.3799,7.382691678585298,665.936,691.587,9.90146525280812,True,0.010819710791110992,0.09375,3536cfcb912779e2f04013df04d534e0c11b2d38a43152ca235e21b713bbd046,a5873a426ba376ca2f97172567d09e6402923f3281a40ecfb53e7949bdb174f9,2.10.0+aiu.kineto.1.1.1,1.3.0+main.1.1bef083.0,m64_k4096_n12800/fp16/profile/result.json
mlp_up,gate/up,64,4096,12800,fp8_scaled,FP16 PrimaryInput -> Identity(output FP8) -> BatchScaledMatmul,5,20,fp8_scaled_bmm-Qfp8,20,511.56155,505.813,492.7593,536.90385,15.289713217079196,492.423,544.596,13.118433940158326,True,0.01462292019277811,0.12890625,3536cfcb912779e2f04013df04d534e0c11b2d38a43152ca235e21b713bbd046,a5873a426ba376ca2f97172567d09e6402923f3281a40ecfb53e7949bdb174f9,2.10.0+aiu.kineto.1.1.1,1.3.0+main.1.1bef083.0,m64_k4096_n12800/fp8/profile/result.json
mlp_up,gate/up,128,4096,12800,fp16,FP16 PrimaryInput -> BatchMatMul,5,20,fp16_bmm,20,799.8752999999999,800.0165,796.3172999999999,803.73245,2.582035673853605,795.639,804.387,16.77983155624383,True,0.02059568464756012,0.14453125,3536cfcb912779e2f04013df04d534e0c11b2d38a43152ca235e21b713bbd046,a5873a426ba376ca2f97172567d09e6402923f3281a40ecfb53e7949bdb174f9,2.10.0+aiu.kineto.1.1.1,1.3.0+main.1.1bef083.0,m128_k4096_n12800/fp16/profile/result.json
mlp_up,gate/up,128,4096,12800,fp8_scaled,FP16 PrimaryInput -> Identity(output FP8) -> BatchScaledMatmul,5,20,fp8_scaled_bmm-Qfp8,20,705.16855,705.2555,695.32915,715.8111,7.655236635450051,695.047,726.814,19.033425129353827,True,0.016480853781104088,0.1328125,3536cfcb912779e2f04013df04d534e0c11b2d38a43152ca235e21b713bbd046,a5873a426ba376ca2f97172567d09e6402923f3281a40ecfb53e7949bdb174f9,2.10.0+aiu.kineto.1.1.1,1.3.0+main.1.1bef083.0,m128_k4096_n12800/fp8/profile/result.json
mlp_up,gate/up,256,4096,12800,fp16,FP16 PrimaryInput -> BatchMatMul,5,20,fp16_bmm,20,857.0164500000001,857.2785,851.0135,862.58375,3.6029534299545225,850.377,863.624,31.32208909175547,True,0.02059275656938553,0.14453125,3536cfcb912779e2f04013df04d534e0c11b2d38a43152ca235e21b713bbd046,a5873a426ba376ca2f97172567d09e6402923f3281a40ecfb53e7949bdb174f9,2.10.0+aiu.kineto.1.1.1,1.3.0+main.1.1bef083.0,m256_k4096_n12800/fp16/profile/result.json
mlp_up,gate/up,256,4096,12800,fp8_scaled,FP16 PrimaryInput -> Identity(output FP8) -> BatchScaledMatmul,5,20,fp8_scaled_bmm-Qfp8,20,1096.6743000000001,1095.041,1085.54975,1116.5647999999999,9.779127838088842,1079.731,1118.442,24.477226830244852,True,0.01644274778664112,0.1328125,3536cfcb912779e2f04013df04d534e0c11b2d38a43152ca235e21b713bbd046,a5873a426ba376ca2f97172567d09e6402923f3281a40ecfb53e7949bdb174f9,2.10.0+aiu.kineto.1.1.1,1.3.0+main.1.1bef083.0,m256_k4096_n12800/fp8/profile/result.json
mlp_up,gate/up,512,4096,12800,fp16,FP16 PrimaryInput -> BatchMatMul,5,20,fp16_bmm,20,1091.6943999999999,1091.717,1089.02425,1094.887,1.860886528965231,1087.984,1094.887,49.177765499209315,True,0.020597487688064575,0.14453125,3536cfcb912779e2f04013df04d534e0c11b2d38a43152ca235e21b713bbd046,a5873a426ba376ca2f97172567d09e6402923f3281a40ecfb53e7949bdb174f9,2.10.0+aiu.kineto.1.1.1,1.3.0+main.1.1bef083.0,m512_k4096_n12800/fp16/profile/result.json
mlp_up,gate/up,512,4096,12800,fp8_scaled,FP16 PrimaryInput -> Identity(output FP8) -> BatchScaledMatmul,5,20,fp8_scaled_bmm-Qfp8,20,1821.6871999999998,1822.71,1811.7702,1831.1514,7.413422177304328,1807.385,1832.945,29.471081094493066,True,0.016443392261862755,0.1328125,3536cfcb912779e2f04013df04d534e0c11b2d38a43152ca235e21b713bbd046,a5873a426ba376ca2f97172567d09e6402923f3281a40ecfb53e7949bdb174f9,2.10.0+aiu.kineto.1.1.1,1.3.0+main.1.1bef083.0,m512_k4096_n12800/fp8/profile/result.json
mlp_up,gate/up,1024,4096,12800,fp16,FP16 PrimaryInput -> BatchMatMul,5,20,fp16_bmm,20,1849.6729500000001,1849.296,1844.5293000000001,1854.7513999999999,3.710626567533325,1843.319,1855.424,58.050360957054586,True,0.010835393331944942,0.09375,3536cfcb912779e2f04013df04d534e0c11b2d38a43152ca235e21b713bbd046,a5873a426ba376ca2f97172567d09e6402923f3281a40ecfb53e7949bdb174f9,2.10.0+aiu.kineto.1.1.1,1.3.0+main.1.1bef083.0,m1024_k4096_n12800/fp16/profile/result.json
mlp_up,gate/up,1024,4096,12800,fp8_scaled,FP16 PrimaryInput -> Identity(output FP8) -> BatchScaledMatmul,5,20,fp8_scaled_bmm-Qfp8,20,1189.208,1189.1174999999998,1187.40675,1191.5550500000002,1.449785465072946,1186.623,1192.278,90.29049787757903,True,0.014633560553193092,0.12890625,3536cfcb912779e2f04013df04d534e0c11b2d38a43152ca235e21b713bbd046,a5873a426ba376ca2f97172567d09e6402923f3281a40ecfb53e7949bdb174f9,2.10.0+aiu.kineto.1.1.1,1.3.0+main.1.1bef083.0,m1024_k4096_n12800/fp8/profile/result.json
mlp_up,gate/up,2048,4096,12800,fp16,FP16 PrimaryInput -> BatchMatMul,5,20,fp16_bmm,20,3282.6029000000003,3282.382,3281.7463000000002,3283.6385,0.7141054691378537,3281.581,3283.933,65.4201471643128,True,0.010832776315510273,0.09375,3536cfcb912779e2f04013df04d534e0c11b2d38a43152ca235e21b713bbd046,a5873a426ba376ca2f97172567d09e6402923f3281a40ecfb53e7949bdb174f9,2.10.0+aiu.kineto.1.1.1,1.3.0+main.1.1bef083.0,m2048_k4096_n12800/fp16/profile/result.json
mlp_up,gate/up,2048,4096,12800,fp8_scaled,FP16 PrimaryInput -> Identity(output FP8) -> BatchScaledMatmul,5,20,fp8_scaled_bmm-Qfp8,20,2400.51595,2400.835,2395.084,2405.8348,3.480893948625669,2393.583,2407.218,89.4592534575744,True,0.014639549888670444,0.12890625,3536cfcb912779e2f04013df04d534e0c11b2d38a43152ca235e21b713bbd046,a5873a426ba376ca2f97172567d09e6402923f3281a40ecfb53e7949bdb174f9,2.10.0+aiu.kineto.1.1.1,1.3.0+main.1.1bef083.0,m2048_k4096_n12800/fp8/profile/result.json
mlp_down,down,1,12800,4096,fp16,FP16 PrimaryInput -> BatchMatMul,5,20,fp16_bmm,20,721.0901,720.4075,717.71325,726.02065,2.6198926836197347,717.642,727.268,0.1454153926118248,True,0.01811741106212139,0.0947265625,3536cfcb912779e2f04013df04d534e0c11b2d38a43152ca235e21b713bbd046,a5873a426ba376ca2f97172567d09e6402923f3281a40ecfb53e7949bdb174f9,2.10.0+aiu.kineto.1.1.1,1.3.0+main.1.1bef083.0,m1_k12800_n4096/fp16/profile/result.json
mlp_down,down,1,12800,4096,fp8_scaled,FP16 PrimaryInput -> Identity(output FP8) -> BatchScaledMatmul,5,20,fp8_scaled_bmm-Qfp8,20,368.75695,368.8845,365.66855,371.69405,2.2666427405212968,364.254,372.702,0.2843542338659651,True,0.02838418446481228,0.181640625,3536cfcb912779e2f04013df04d534e0c11b2d38a43152ca235e21b713bbd046,a5873a426ba376ca2f97172567d09e6402923f3281a40ecfb53e7949bdb174f9,2.10.0+aiu.kineto.1.1.1,1.3.0+main.1.1bef083.0,m1_k12800_n4096/fp8/profile/result.json
mlp_down,down,2,12800,4096,fp16,FP16 PrimaryInput -> BatchMatMul,5,20,fp16_bmm,20,729.0952500000001,729.009,722.9566,736.1649,4.253026598788211,722.284,739.089,0.2876375891901641,True,0.018503544852137566,0.1015625,3536cfcb912779e2f04013df04d534e0c11b2d38a43152ca235e21b713bbd046,a5873a426ba376ca2f97172567d09e6402923f3281a40ecfb53e7949bdb174f9,2.10.0+aiu.kineto.1.1.1,1.3.0+main.1.1bef083.0,m2_k12800_n4096/fp16/profile/result.json
mlp_down,down,2,12800,4096,fp8_scaled,FP16 PrimaryInput -> Identity(output FP8) -> BatchScaledMatmul,5,20,fp8_scaled_bmm-Qfp8,20,371.0434,370.29949999999997,366.83125,376.2847,3.1292290357042822,366.456,376.45,0.5652039626631278,True,0.02837650664150715,0.181640625,3536cfcb912779e2f04013df04d534e0c11b2d38a43152ca235e21b713bbd046,a5873a426ba376ca2f97172567d09e6402923f3281a40ecfb53e7949bdb174f9,2.10.0+aiu.kineto.1.1.1,1.3.0+main.1.1bef083.0,m2_k12800_n4096/fp8/profile/result.json
mlp_down,down,4,12800,4096,fp16,FP16 PrimaryInput -> BatchMatMul,5,20,fp16_bmm,20,774.9289,776.1410000000001,770.222,779.04865,3.4679967962712195,766.194,780.125,0.5412501714673437,True,0.016728045418858528,0.1220703125,3536cfcb912779e2f04013df04d534e0c11b2d38a43152ca235e21b713bbd046,a5873a426ba376ca2f97172567d09e6402923f3281a40ecfb53e7949bdb174f9,2.10.0+aiu.kineto.1.1.1,1.3.0+main.1.1bef083.0,m4_k12800_n4096/fp16/profile/result.json
mlp_down,down,4,12800,4096,fp8_scaled,FP16 PrimaryInput -> Identity(output FP8) -> BatchScaledMatmul,5,20,fp8_scaled_bmm-Qfp8,20,371.22040000000004,371.495,368.27734999999996,373.8939,2.187824090879245,367.049,374.842,1.1298689403922844,True,0.025000333786010742,0.181640625,3536cfcb912779e2f04013df04d534e0c11b2d38a43152ca235e21b713bbd046,a5873a426ba376ca2f97172567d09e6402923f3281a40ecfb53e7949bdb174f9,2.10.0+aiu.kineto.1.1.1,1.3.0+main.1.1bef083.0,m4_k12800_n4096/fp8/profile/result.json
mlp_down,down,8,12800,4096,fp16,FP16 PrimaryInput -> BatchMatMul,5,20,fp16_bmm,20,723.62025,723.7595,720.9608,725.8804,2.1461329942357654,719.817,729.441,1.1592555625689027,True,0.0179474838078022,0.142578125,3536cfcb912779e2f04013df04d534e0c11b2d38a43152ca235e21b713bbd046,a5873a426ba376ca2f97172567d09e6402923f3281a40ecfb53e7949bdb174f9,2.10.0+aiu.kineto.1.1.1,1.3.0+main.1.1bef083.0,m8_k12800_n4096/fp16/profile/result.json
mlp_down,down,8,12800,4096,fp8_scaled,FP16 PrimaryInput -> Identity(output FP8) -> BatchScaledMatmul,5,20,fp8_scaled_bmm-Qfp8,20,413.1731,412.64,409.621,417.176,2.44546299351096,409.431,417.518,2.0302889999373144,True,0.025227360427379608,0.193359375,3536cfcb912779e2f04013df04d534e0c11b2d38a43152ca235e21b713bbd046,a5873a426ba376ca2f97172567d09e6402923f3281a40ecfb53e7949bdb174f9,2.10.0+aiu.kineto.1.1.1,1.3.0+main.1.1bef083.0,m8_k12800_n4096/fp8/profile/result.json
mlp_down,down,16,12800,4096,fp16,FP16 PrimaryInput -> BatchMatMul,5,20,fp16_bmm,20,748.6313,749.2275,739.1139000000001,756.29255,5.395374589210153,737.098,757.709,2.2410519036540415,True,0.039878908544778824,0.248046875,3536cfcb912779e2f04013df04d534e0c11b2d38a43152ca235e21b713bbd046,a5873a426ba376ca2f97172567d09e6402923f3281a40ecfb53e7949bdb174f9,2.10.0+aiu.kineto.1.1.1,1.3.0+main.1.1bef083.0,m16_k12800_n4096/fp16/profile/result.json
mlp_down,down,16,12800,4096,fp8_scaled,FP16 PrimaryInput -> Identity(output FP8) -> BatchScaledMatmul,5,20,fp8_scaled_bmm-Qfp8,20,454.26665,453.486,450.80989999999997,458.81109999999995,2.496798018410144,450.466,459.953,3.6932528505009117,True,0.0248720645904541,0.193359375,3536cfcb912779e2f04013df04d534e0c11b2d38a43152ca235e21b713bbd046,a5873a426ba376ca2f97172567d09e6402923f3281a40ecfb53e7949bdb174f9,2.10.0+aiu.kineto.1.1.1,1.3.0+main.1.1bef083.0,m16_k12800_n4096/fp8/profile/result.json
mlp_down,down,32,12800,4096,fp16,FP16 PrimaryInput -> BatchMatMul,5,20,fp16_bmm,20,769.88455,770.0464999999999,760.52,780.3721,6.9471784463758715,753.585,781.248,4.358371914334429,True,0.017537372186779976,0.142578125,3536cfcb912779e2f04013df04d534e0c11b2d38a43152ca235e21b713bbd046,a5873a426ba376ca2f97172567d09e6402923f3281a40ecfb53e7949bdb174f9,2.10.0+aiu.kineto.1.1.1,1.3.0+main.1.1bef083.0,m32_k12800_n4096/fp16/profile/result.json
mlp_down,down,32,12800,4096,fp8_scaled,FP16 PrimaryInput -> Identity(output FP8) -> BatchScaledMatmul,5,20,fp8_scaled_bmm-Qfp8,20,425.12605,426.576,409.19695,440.6147,12.050358957199919,403.629,446.233,7.8928195531654675,True,0.02465999685227871,0.193359375,3536cfcb912779e2f04013df04d534e0c11b2d38a43152ca235e21b713bbd046,a5873a426ba376ca2f97172567d09e6402923f3281a40ecfb53e7949bdb174f9,2.10.0+aiu.kineto.1.1.1,1.3.0+main.1.1bef083.0,m32_k12800_n4096/fp8/profile/result.json
mlp_down,down,64,12800,4096,fp16,FP16 PrimaryInput -> BatchMatMul,5,20,fp16_bmm,20,726.20535,725.306,716.83825,736.1487500000001,6.867458966788679,715.171,743.744,9.241031341892482,True,0.017406610772013664,0.142578125,3536cfcb912779e2f04013df04d534e0c11b2d38a43152ca235e21b713bbd046,a5873a426ba376ca2f97172567d09e6402923f3281a40ecfb53e7949bdb174f9,2.10.0+aiu.kineto.1.1.1,1.3.0+main.1.1bef083.0,m64_k12800_n4096/fp16/profile/result.json
mlp_down,down,64,12800,4096,fp8_scaled,FP16 PrimaryInput -> Identity(output FP8) -> BatchScaledMatmul,5,20,fp8_scaled_bmm-Qfp8,20,423.57905,423.6725,409.3148,438.19735,9.453483075593153,407.031,438.28,15.84329158866568,True,0.024399755522608757,0.193359375,3536cfcb912779e2f04013df04d534e0c11b2d38a43152ca235e21b713bbd046,a5873a426ba376ca2f97172567d09e6402923f3281a40ecfb53e7949bdb174f9,2.10.0+aiu.kineto.1.1.1,1.3.0+main.1.1bef083.0,m64_k12800_n4096/fp8/profile/result.json
mlp_down,down,128,12800,4096,fp16,FP16 PrimaryInput -> BatchMatMul,5,20,fp16_bmm,20,704.85705,705.039,700.5011,708.8375,2.9354751516218713,699.686,709.854,19.041836639074546,True,0.01741994544863701,0.142578125,3536cfcb912779e2f04013df04d534e0c11b2d38a43152ca235e21b713bbd046,a5873a426ba376ca2f97172567d09e6402923f3281a40ecfb53e7949bdb174f9,2.10.0+aiu.kineto.1.1.1,1.3.0+main.1.1bef083.0,m128_k12800_n4096/fp16/profile/result.json
mlp_down,down,128,12800,4096,fp8_scaled,FP16 PrimaryInput -> Identity(output FP8) -> BatchScaledMatmul,5,20,fp8_scaled_bmm-Qfp8,20,460.9142,461.341,440.13765,477.10695,12.902449986033865,434.203,480.64,29.119894331743303,True,0.02441580221056938,0.193359375,3536cfcb912779e2f04013df04d534e0c11b2d38a43152ca235e21b713bbd046,a5873a426ba376ca2f97172567d09e6402923f3281a40ecfb53e7949bdb174f9,2.10.0+aiu.kineto.1.1.1,1.3.0+main.1.1bef083.0,m128_k12800_n4096/fp8/profile/result.json
mlp_down,down,256,12800,4096,fp16,FP16 PrimaryInput -> BatchMatMul,5,20,fp16_bmm,20,762.57875,762.641,758.31075,766.4499000000001,2.9256588439277564,758.173,768.272,35.20101445260571,True,0.01738923043012619,0.142578125,3536cfcb912779e2f04013df04d534e0c11b2d38a43152ca235e21b713bbd046,a5873a426ba376ca2f97172567d09e6402923f3281a40ecfb53e7949bdb174f9,2.10.0+aiu.kineto.1.1.1,1.3.0+main.1.1bef083.0,m256_k12800_n4096/fp16/profile/result.json
mlp_down,down,256,12800,4096,fp8_scaled,FP16 PrimaryInput -> Identity(output FP8) -> BatchScaledMatmul,5,20,fp8_scaled_bmm-Qfp8,20,573.3850500000001,572.3515,562.94525,590.24685,9.157717174027251,556.224,591.422,46.81591471559992,True,0.02438727766275406,0.193359375,3536cfcb912779e2f04013df04d534e0c11b2d38a43152ca235e21b713bbd046,a5873a426ba376ca2f97172567d09e6402923f3281a40ecfb53e7949bdb174f9,2.10.0+aiu.kineto.1.1.1,1.3.0+main.1.1bef083.0,m256_k12800_n4096/fp8/profile/result.json
mlp_down,down,512,12800,4096,fp16,FP16 PrimaryInput -> BatchMatMul,5,20,fp16_bmm,20,1003.4531999999999,1003.4225,1002.1057999999999,1004.85595,0.9622132710305894,1001.266,1005.121,53.50233693011294,True,0.017392568290233612,0.142578125,3536cfcb912779e2f04013df04d534e0c11b2d38a43152ca235e21b713bbd046,a5873a426ba376ca2f97172567d09e6402923f3281a40ecfb53e7949bdb174f9,2.10.0+aiu.kineto.1.1.1,1.3.0+main.1.1bef083.0,m512_k12800_n4096/fp16/profile/result.json
mlp_down,down,512,12800,4096,fp8_scaled,FP16 PrimaryInput -> Identity(output FP8) -> BatchScaledMatmul,5,20,fp8_scaled_bmm-Qfp8,20,837.79465,838.014,829.6982,845.0274000000001,4.751526915523833,826.073,845.035,64.08144430141682,True,0.02438523806631565,0.193359375,3536cfcb912779e2f04013df04d534e0c11b2d38a43152ca235e21b713bbd046,a5873a426ba376ca2f97172567d09e6402923f3281a40ecfb53e7949bdb174f9,2.10.0+aiu.kineto.1.1.1,1.3.0+main.1.1bef083.0,m512_k12800_n4096/fp8/profile/result.json
mlp_down,down,1024,12800,4096,fp16,FP16 PrimaryInput -> BatchMatMul,5,20,fp16_bmm,20,1765.9124500000003,1765.9765,1763.0396,1767.6802500000001,1.3818977978432905,1762.728,1767.875,60.80379715313745,True,0.039094578474760056,0.248046875,3536cfcb912779e2f04013df04d534e0c11b2d38a43152ca235e21b713bbd046,a5873a426ba376ca2f97172567d09e6402923f3281a40ecfb53e7949bdb174f9,2.10.0+aiu.kineto.1.1.1,1.3.0+main.1.1bef083.0,m1024_k12800_n4096/fp16/profile/result.json
mlp_down,down,1024,12800,4096,fp8_scaled,FP16 PrimaryInput -> Identity(output FP8) -> BatchScaledMatmul,5,20,fp8_scaled_bmm-Qfp8,20,1475.81295,1474.394,1463.2844,1487.755,8.990476490358237,1460.898,1497.768,72.75595623415555,True,0.02437491901218891,0.193359375,3536cfcb912779e2f04013df04d534e0c11b2d38a43152ca235e21b713bbd046,a5873a426ba376ca2f97172567d09e6402923f3281a40ecfb53e7949bdb174f9,2.10.0+aiu.kineto.1.1.1,1.3.0+main.1.1bef083.0,m1024_k12800_n4096/fp8/profile/result.json
mlp_down,down,2048,12800,4096,fp16,FP16 PrimaryInput -> BatchMatMul,5,20,fp16_bmm,20,3268.17465,3268.0555000000004,3267.4774,3269.3568999999998,0.6181126004556404,3267.257,3269.488,65.70896227960155,True,0.01739032194018364,0.142578125,3536cfcb912779e2f04013df04d534e0c11b2d38a43152ca235e21b713bbd046,a5873a426ba376ca2f97172567d09e6402923f3281a40ecfb53e7949bdb174f9,2.10.0+aiu.kineto.1.1.1,1.3.0+main.1.1bef083.0,m2048_k12800_n4096/fp16/profile/result.json
mlp_down,down,2048,12800,4096,fp8_scaled,FP16 PrimaryInput -> Identity(output FP8) -> BatchScaledMatmul,5,20,fp8_scaled_bmm-Qfp8,20,2956.0702,2954.489,2943.5276,2974.1468999999997,10.237691575741083,2937.307,2977.128,72.64657138385955,True,0.024380486458539963,0.193359375,3536cfcb912779e2f04013df04d534e0c11b2d38a43152ca235e21b713bbd046,a5873a426ba376ca2f97172567d09e6402923f3281a40ecfb53e7949bdb174f9,2.10.0+aiu.kineto.1.1.1,1.3.0+main.1.1bef083.0,m2048_k12800_n4096/fp8/profile/result.json
