phase,relayout,consumer_family,consumer_input_lds,consumer,tensor,fold_factor,data_op,remote_required,logical_tensor_bytes,remote_destination_bytes,local_destination_bytes,expanded_remote_destination_bytes,expanded_local_destination_bytes,source_piece_count,destination_piece_count,remote_destination_core_piece_pairs,local_destination_core_piece_pairs
prefill,Add_QC_3_inpLds_1_MNI_LeafQC-unfold0_0_0_-LxRelayout,Add,1,add_3,mul_out,1,STCDPOpLx,True,4194304,3145728,1048576,3145728,1048576,16,32,32,16
prefill,BatchMatMulV2_QC_0_inpLds_0_MNI_LeafQC-unfold0_0_0_-LxRelayout,BatchMatMulV2,0,mm-BMM_1,mean-LayerNormNorm_out,1,STCDPOpLx,True,4194304,12582912,4194304,12582912,4194304,16,8,32,16
prefill,BatchMatMulV2_QC_12_inpLds_0_MNI_LeafQC-unfold0_0_0_-LxRelayout,BatchMatMulV2,0,bmm_2-BMM_1,bmm_2-actAttnHeadBreak-VirtualReshape_out,38,STCDPOpLx,True,4194304,3145728,1048576,119537664,39845888,32,32,32,32
prefill,BatchMatMulV2_QC_12_inpLds_1_MNI_LeafQC-unfold0_0_0_-LxRelayout,BatchMatMulV2,1,bmm_2-BMM_1,mul_17_out,38,STCDPOpLx,True,1048576,32505856,1048576,1235222528,39845888,32,1,32,32
prefill,BatchMatMulV2_QC_13_inpLds_1_MNI_LeafQC-unfold0_0_0_-LxRelayout,BatchMatMulV2,1,bmm_3-BMM_1,bmm_3-wtAttnHeadBreak-VirtualReshape_out,38,STCDPOpLx,True,1048576,32505856,1048576,1235222528,39845888,32,1,32,32
prefill,BatchMatMulV2_QC_14_inpLds_0_MNI_LeafQC-unfold0_0_0_-LxRelayout,BatchMatMulV2,0,mm_10-BMM_1,view_41-VirtualReshape_out,38,STCDPOpLx,True,4194304,12582912,4194304,478150656,159383552,32,8,32,32
prefill,BatchMatMulV2_QC_15_inpLds_0_MNI_LeafQC-unfold0_0_0_-LxRelayout,BatchMatMulV2,0,mm_11-BMM_1,mean_3-LayerNormNorm_out,38,STCDPOpLx,True,4194304,12582912,4194304,478150656,159383552,32,8,32,32
prefill,BatchMatMulV2_QC_16_inpLds_0_MNI_LeafQC-unfold0_0_0_-LxRelayout,BatchMatMulV2,0,mm_12-BMM_1,mean_3-LayerNormNorm_out,38,STCDPOpLx,True,4194304,12582912,4194304,478150656,159383552,32,8,32,32
prefill,BatchMatMulV2_QC_1_inpLds_0_MNI_LeafQC-unfold0_0_0_-LxRelayout,BatchMatMulV2,0,mm_1-BMM_1,mean-LayerNormNorm_out,1,STCDPOpLx,True,4194304,12582912,4194304,12582912,4194304,16,8,32,16
prefill,BatchMatMulV2_QC_21_inpLds_0_MNI_LeafQC-unfold0_0_0_-LxRelayout,BatchMatMulV2,0,bmm_78-BMM_1,bmm_78-actAttnHeadBreak-VirtualReshape_out,1,STCDPOpLx,True,4194304,3145728,1048576,3145728,1048576,32,32,32,32
prefill,BatchMatMulV2_QC_21_inpLds_1_MNI_LeafQC-unfold0_0_0_-LxRelayout,BatchMatMulV2,1,bmm_78-BMM_1,mul_435_out,1,STCDPOpLx,True,1048576,32505856,1048576,32505856,1048576,32,1,32,32
prefill,BatchMatMulV2_QC_22_inpLds_1_MNI_LeafQC-unfold0_0_0_-LxRelayout,BatchMatMulV2,1,bmm_79-BMM_1,bmm_79-wtAttnHeadBreak-VirtualReshape_out,1,STCDPOpLx,True,1048576,32505856,1048576,32505856,1048576,32,1,32,32
prefill,BatchMatMulV2_QC_23_inpLds_0_MNI_LeafQC-unfold0_0_0_-LxRelayout,BatchMatMulV2,0,mm_276-BMM_1,view_915-VirtualReshape_out,1,STCDPOpLx,True,4194304,12582912,4194304,12582912,4194304,32,8,32,32
prefill,BatchMatMulV2_QC_24_inpLds_0_MNI_LeafQC-unfold0_0_0_-LxRelayout,BatchMatMulV2,0,mm_277-BMM_1,mean_79-LayerNormNorm_out,1,STCDPOpLx,True,4194304,12582912,4194304,12582912,4194304,32,8,32,32
prefill,BatchMatMulV2_QC_25_inpLds_0_MNI_LeafQC-unfold0_0_0_-LxRelayout,BatchMatMulV2,0,mm_278-BMM_1,mean_79-LayerNormNorm_out,1,STCDPOpLx,True,4194304,12582912,4194304,12582912,4194304,32,8,32,32
prefill,BatchMatMulV2_QC_27_inpLds_0_MNI_LeafQC-unfold0_0_0_-LxRelayout,BatchMatMulV2,0,mm_280-BMM_1,slice_161-Stcdp_out,1,STCDPOpLx,True,8192,222208,7168,222208,7168,32,1,28,28
prefill,BatchMatMulV2_QC_2_inpLds_0_MNI_LeafQC-unfold0_0_0_-LxRelayout,BatchMatMulV2,0,mm_2-BMM_1,mean-LayerNormNorm_out,1,STCDPOpLx,True,4194304,12582912,4194304,12582912,4194304,16,8,32,16
prefill,BatchMatMulV2_QC_3_inpLds_0_MNI_LeafQC-unfold0_0_0_-LxRelayout,BatchMatMulV2,0,bmm-BMM_1,bmm-actAttnHeadBreak-VirtualReshape_out,1,STCDPOpLx,True,4194304,3145728,1048576,3145728,1048576,32,32,32,32
prefill,BatchMatMulV2_QC_3_inpLds_1_MNI_LeafQC-unfold0_0_0_-LxRelayout,BatchMatMulV2,1,bmm-BMM_1,mul_6_out,1,STCDPOpLx,True,1048576,32505856,1048576,32505856,1048576,32,1,32,32
prefill,BatchMatMulV2_QC_4_inpLds_1_MNI_LeafQC-unfold0_0_0_-LxRelayout,BatchMatMulV2,1,bmm_1-BMM_1,bmm_1-wtAttnHeadBreak-VirtualReshape_out,1,STCDPOpLx,True,1048576,32505856,1048576,32505856,1048576,32,1,32,32
prefill,BatchMatMulV2_QC_5_inpLds_0_MNI_LeafQC-unfold0_0_0_-LxRelayout,BatchMatMulV2,0,mm_3-BMM_1,view_18-VirtualReshape_out,1,STCDPOpLx,True,4194304,12582912,4194304,12582912,4194304,32,8,32,32
prefill,BatchMatMulV2_QC_6_inpLds_0_MNI_LeafQC-unfold0_0_0_-LxRelayout,BatchMatMulV2,0,mm_4-BMM_1,mean_1-LayerNormNorm_out,1,STCDPOpLx,True,4194304,12582912,4194304,12582912,4194304,32,8,32,32
prefill,BatchMatMulV2_QC_7_inpLds_0_MNI_LeafQC-unfold0_0_0_-LxRelayout,BatchMatMulV2,0,mm_5-BMM_1,mean_1-LayerNormNorm_out,1,STCDPOpLx,True,4194304,12582912,4194304,12582912,4194304,32,8,32,32
prefill,Exx2_QC_1_inpLds_0_MNI_LeafQC-unfold0_0_0_-LxRelayout,Exx2,0,mean_1-Exx2,add_3_out,1,STCDPOpLx,True,4194304,3145728,1048576,3145728,1048576,32,8,8,8
prefill,Exx2_QC_3_inpLds_0_MNI_LeafQC-unfold0_0_0_-LxRelayout,Exx2,0,mean_3-Exx2,add_9_out,38,STCDPOpLx,True,4194304,3145728,1048576,119537664,39845888,32,8,8,8
prefill,Exx2_QC_5_inpLds_0_MNI_LeafQC-unfold0_0_0_-LxRelayout,Exx2,0,mean_79-Exx2,add_237_out,1,STCDPOpLx,True,4194304,3145728,1048576,3145728,1048576,32,8,8,8
prefill,Exx2_QC_6_inpLds_0_MNI_LeafQC-unfold0_0_0_-LxRelayout,Exx2,0,mean_80-Exx2,add_239_out,1,STCDPOpLx,True,4194304,3145728,1048576,3145728,1048576,32,8,8,8
prefill,LayerNormNorm_QC_1_inpLds_1_MNI_LeafQC-unfold0_0_0_-LxRelayout,LayerNormNorm,1,mean_1-LayerNormNorm,mean_1-Exx2_out,1,STCDPOpLx,True,65536,196608,65536,196608,65536,8,8,24,8
prefill,LayerNormNorm_QC_1_inpLds_2_MNI_LeafQC-unfold0_0_0_-LxRelayout,LayerNormNorm,2,mean_1-LayerNormNorm,mean_1-LayerNormScale_out,1,STCDPOpLx,True,65536,196608,65536,196608,65536,8,8,24,8
prefill,LayerNormNorm_QC_2_inpLds_1_MNI_LeafQC-unfold0_0_0_-LxRelayout,LayerNormNorm,1,mean_2-LayerNormNorm,mean_2-Exx2_out,1,STCDPOpLx,True,65536,196608,65536,196608,65536,8,8,24,8
prefill,LayerNormNorm_QC_2_inpLds_2_MNI_LeafQC-unfold0_0_0_-LxRelayout,LayerNormNorm,2,mean_2-LayerNormNorm,mean_2-LayerNormScale_out,1,STCDPOpLx,True,65536,196608,65536,196608,65536,8,8,24,8
prefill,LayerNormNorm_QC_3_inpLds_1_MNI_LeafQC-unfold0_0_0_-LxRelayout,LayerNormNorm,1,mean_3-LayerNormNorm,mean_3-Exx2_out,38,STCDPOpLx,True,65536,196608,65536,7471104,2490368,8,8,24,8
prefill,LayerNormNorm_QC_3_inpLds_2_MNI_LeafQC-unfold0_0_0_-LxRelayout,LayerNormNorm,2,mean_3-LayerNormNorm,mean_3-LayerNormScale_out,38,STCDPOpLx,True,65536,196608,65536,7471104,2490368,8,8,24,8
prefill,LayerNormNorm_QC_4_inpLds_1_MNI_LeafQC-unfold0_0_0_-LxRelayout,LayerNormNorm,1,mean_4-LayerNormNorm,mean_4-Exx2_out,38,STCDPOpLx,True,65536,196608,65536,7471104,2490368,8,8,24,8
prefill,LayerNormNorm_QC_4_inpLds_2_MNI_LeafQC-unfold0_0_0_-LxRelayout,LayerNormNorm,2,mean_4-LayerNormNorm,mean_4-LayerNormScale_out,38,STCDPOpLx,True,65536,196608,65536,7471104,2490368,8,8,24,8
prefill,LayerNormNorm_QC_5_inpLds_1_MNI_LeafQC-unfold0_0_0_-LxRelayout,LayerNormNorm,1,mean_79-LayerNormNorm,mean_79-Exx2_out,1,STCDPOpLx,True,65536,196608,65536,196608,65536,8,8,24,8
prefill,LayerNormNorm_QC_5_inpLds_2_MNI_LeafQC-unfold0_0_0_-LxRelayout,LayerNormNorm,2,mean_79-LayerNormNorm,mean_79-LayerNormScale_out,1,STCDPOpLx,True,65536,196608,65536,196608,65536,8,8,24,8
prefill,LayerNormNorm_QC_6_inpLds_1_MNI_LeafQC-unfold0_0_0_-LxRelayout,LayerNormNorm,1,mean_80-LayerNormNorm,mean_80-Exx2_out,1,STCDPOpLx,True,65536,196608,65536,196608,65536,8,8,24,8
prefill,LayerNormNorm_QC_6_inpLds_2_MNI_LeafQC-unfold0_0_0_-LxRelayout,LayerNormNorm,2,mean_80-LayerNormNorm,mean_80-LayerNormScale_out,1,STCDPOpLx,True,65536,196608,65536,196608,65536,8,8,24,8
prefill,Mul_QC_11_inpLds_1_MNI_LeafQC-unfold0_0_0_-LxRelayout,Mul,1,mul_14-mul_1,mul_14-split_2-Ds0_out,38,STCDPOpLx,True,131072,393216,131072,14942208,4980736,16,8,32,16
prefill,Mul_QC_12_inpLds_1_MNI_LeafQC-unfold0_0_0_-LxRelayout,Mul,1,mul_14-mul_2,mul_14-split_2-Ds1_out,38,STCDPOpLx,True,131072,393216,131072,14942208,4980736,16,8,32,16
prefill,Mul_QC_13_inpLds_1_MNI_LeafQC-unfold0_0_0_-LxRelayout,Mul,1,mul_15-mul_1,mul_15-split_2-Ds0_out,38,STCDPOpLx,True,131072,393216,131072,14942208,4980736,16,8,32,16
prefill,Mul_QC_14_inpLds_1_MNI_LeafQC-unfold0_0_0_-LxRelayout,Mul,1,mul_15-mul_2,mul_15-split_2-Ds1_out,38,STCDPOpLx,True,131072,393216,131072,14942208,4980736,16,8,32,16
prefill,Mul_QC_1_inpLds_1_MNI_LeafQC-unfold0_0_0_-LxRelayout,Mul,1,mul_3-mul_1,mul_3-split_2-Ds0_out,1,STCDPOpLx,True,131072,393216,131072,393216,131072,16,8,32,16
prefill,Mul_QC_21_inpLds_1_MNI_LeafQC-unfold0_0_0_-LxRelayout,Mul,1,mul_432-mul_1,mul_432-split_2-Ds0_out,1,STCDPOpLx,True,131072,393216,131072,393216,131072,16,8,32,16
prefill,Mul_QC_22_inpLds_1_MNI_LeafQC-unfold0_0_0_-LxRelayout,Mul,1,mul_432-mul_2,mul_432-split_2-Ds1_out,1,STCDPOpLx,True,131072,393216,131072,393216,131072,16,8,32,16
prefill,Mul_QC_23_inpLds_1_MNI_LeafQC-unfold0_0_0_-LxRelayout,Mul,1,mul_433-mul_1,mul_433-split_2-Ds0_out,1,STCDPOpLx,True,131072,393216,131072,393216,131072,16,8,32,16
prefill,Mul_QC_24_inpLds_1_MNI_LeafQC-unfold0_0_0_-LxRelayout,Mul,1,mul_433-mul_2,mul_433-split_2-Ds1_out,1,STCDPOpLx,True,131072,393216,131072,393216,131072,16,8,32,16
prefill,Mul_QC_2_inpLds_1_MNI_LeafQC-unfold0_0_0_-LxRelayout,Mul,1,mul_3-mul_2,mul_3-split_2-Ds1_out,1,STCDPOpLx,True,131072,393216,131072,393216,131072,16,8,32,16
prefill,Mul_QC_3_inpLds_1_MNI_LeafQC-unfold0_0_0_-LxRelayout,Mul,1,mul_4-mul_1,mul_4-split_2-Ds0_out,1,STCDPOpLx,True,131072,393216,131072,393216,131072,16,8,32,16
prefill,Mul_QC_4_inpLds_1_MNI_LeafQC-unfold0_0_0_-LxRelayout,Mul,1,mul_4-mul_2,mul_4-split_2-Ds1_out,1,STCDPOpLx,True,131072,393216,131072,393216,131072,16,8,32,16
prefill,Restickify_QC_0_inpLds_0_MNI_LeafQC-unfold0_0_0_-LxRelayout,Restickify,0,bmm-wtAttnHeadBreak-VirtualReshape-Output-Restickify,bmm-wtAttnHeadBreak-VirtualReshape_out,1,STCDPOpLx,True,1048576,983040,65536,983040,65536,32,32,30,2
prefill,Restickify_QC_1_inpLds_0_MNI_LeafQC-unfold0_0_0_-LxRelayout,Restickify,0,bmm_2-wtAttnHeadBreak-VirtualReshape-Output-Restickify,bmm_2-wtAttnHeadBreak-VirtualReshape_out,38,STCDPOpLx,True,1048576,983040,65536,37355520,2490368,32,32,30,2
prefill,Restickify_QC_2_inpLds_0_MNI_LeafQC-unfold0_0_0_-LxRelayout,Restickify,0,bmm_78-wtAttnHeadBreak-VirtualReshape-Output-Restickify,bmm_78-wtAttnHeadBreak-VirtualReshape_out,1,STCDPOpLx,True,1048576,983040,65536,983040,65536,32,32,30,2
prefill,Stcdp_QC_44_inpLds_0_MNI_LeafQC-unfold0_0_0_-LxRelayout,Stcdp,0,slice_161-Stcdp,mean_80-LayerNormNorm_out,1,STCDPOpLx,True,4194304,7936,256,7936,256,32,32,31,1
decode,BatchMatMulV2_QC_0_inpLds_0_MNI_LeafQC-unfold0_0_0_-LxRelayout,BatchMatMulV2,0,mm-BMM_1,mean-LayerNormNorm_out,1,STCDPOpLx,True,8192,253952,8192,253952,8192,32,1,32,32
decode,BatchMatMulV2_QC_12_inpLds_0_MNI_LeafQC-unfold0_0_0_-LxRelayout,BatchMatMulV2,0,bmm_2-BMM_1,bmm_2-actAttnHeadBreak-VirtualReshape_out,38,STCDPOpLx,True,8192,31744,1024,1206272,38912,32,8,32,4
decode,BatchMatMulV2_QC_13_inpLds_0_MNI_LeafQC-unfold0_0_0_-LxRelayout,BatchMatMulV2,0,bmm_3-BMM_1,bmm_3-actAttnHeadBreak-VirtualReshape_out,38,STCDPOpLx,True,49152,95232,3072,3618816,116736,32,16,32,4
decode,BatchMatMulV2_QC_13_inpLds_1_MNI_LeafQC-unfold0_0_0_-LxRelayout,BatchMatMulV2,1,bmm_3-BMM_1,bmm_3-wtAttnHeadBreak-VirtualReshape_out,38,STCDPOpLx,True,1572864,3047424,98304,115802112,3735552,32,16,32,32
decode,BatchMatMulV2_QC_15_inpLds_0_MNI_LeafQC-unfold0_0_0_-LxRelayout,BatchMatMulV2,0,mm_11-BMM_1,mean_3-LayerNormNorm_out,38,STCDPOpLx,True,8192,198400,6400,7539200,243200,32,1,25,25
decode,BatchMatMulV2_QC_16_inpLds_0_MNI_LeafQC-unfold0_0_0_-LxRelayout,BatchMatMulV2,0,mm_12-BMM_1,mean_3-LayerNormNorm_out,38,STCDPOpLx,True,8192,198400,6400,7539200,243200,32,1,25,25
decode,BatchMatMulV2_QC_17_inpLds_0_MNI_LeafQC-unfold0_0_0_-LxRelayout,BatchMatMulV2,0,mm_13-BMM_1,mul_263_out,38,STCDPOpLx,True,25600,793600,25600,30156800,972800,25,1,32,25
decode,BatchMatMulV2_QC_1_inpLds_0_MNI_LeafQC-unfold0_0_0_-LxRelayout,BatchMatMulV2,0,mm_1-BMM_1,mean-LayerNormNorm_out,1,STCDPOpLx,True,8192,126976,4096,126976,4096,32,1,16,16
decode,BatchMatMulV2_QC_21_inpLds_0_MNI_LeafQC-unfold0_0_0_-LxRelayout,BatchMatMulV2,0,bmm_78-BMM_1,bmm_78-actAttnHeadBreak-VirtualReshape_out,1,STCDPOpLx,True,8192,31744,1024,31744,1024,32,8,32,4
decode,BatchMatMulV2_QC_22_inpLds_0_MNI_LeafQC-unfold0_0_0_-LxRelayout,BatchMatMulV2,0,bmm_79-BMM_1,bmm_79-actAttnHeadBreak-VirtualReshape_out,1,STCDPOpLx,True,49152,95232,3072,95232,3072,32,16,32,4
decode,BatchMatMulV2_QC_22_inpLds_1_MNI_LeafQC-unfold0_0_0_-LxRelayout,BatchMatMulV2,1,bmm_79-BMM_1,bmm_79-wtAttnHeadBreak-VirtualReshape_out,1,STCDPOpLx,True,1572864,3047424,98304,3047424,98304,32,16,32,32
decode,BatchMatMulV2_QC_24_inpLds_0_MNI_LeafQC-unfold0_0_0_-LxRelayout,BatchMatMulV2,0,mm_277-BMM_1,mean_79-LayerNormNorm_out,1,STCDPOpLx,True,8192,198400,6400,198400,6400,32,1,25,25
decode,BatchMatMulV2_QC_25_inpLds_0_MNI_LeafQC-unfold0_0_0_-LxRelayout,BatchMatMulV2,0,mm_278-BMM_1,mean_79-LayerNormNorm_out,1,STCDPOpLx,True,8192,198400,6400,198400,6400,32,1,25,25
decode,BatchMatMulV2_QC_26_inpLds_0_MNI_LeafQC-unfold0_0_0_-LxRelayout,BatchMatMulV2,0,mm_279-BMM_1,mul_5203_out,1,STCDPOpLx,True,25600,793600,25600,793600,25600,25,1,32,25
decode,BatchMatMulV2_QC_27_inpLds_0_MNI_LeafQC-unfold0_0_0_-LxRelayout,BatchMatMulV2,0,mm_280-BMM_1,mean_80-LayerNormNorm_out,1,STCDPOpLx,True,8192,222208,7168,222208,7168,32,1,28,28
decode,BatchMatMulV2_QC_2_inpLds_0_MNI_LeafQC-unfold0_0_0_-LxRelayout,BatchMatMulV2,0,mm_2-BMM_1,mean-LayerNormNorm_out,1,STCDPOpLx,True,8192,126976,4096,126976,4096,32,1,16,16
decode,BatchMatMulV2_QC_3_inpLds_0_MNI_LeafQC-unfold0_0_0_-LxRelayout,BatchMatMulV2,0,bmm-BMM_1,bmm-actAttnHeadBreak-VirtualReshape_out,1,STCDPOpLx,True,8192,31744,1024,31744,1024,32,8,32,4
decode,BatchMatMulV2_QC_3_inpLds_1_MNI_LeafQC-unfold0_0_0_-LxRelayout,BatchMatMulV2,1,bmm-BMM_1,mul_114_out,1,STCDPOpLx,True,1572864,1376256,196608,1376256,196608,32,32,32,8
decode,BatchMatMulV2_QC_4_inpLds_0_MNI_LeafQC-unfold0_0_0_-LxRelayout,BatchMatMulV2,0,bmm_1-BMM_1,bmm_1-actAttnHeadBreak-VirtualReshape_out,1,STCDPOpLx,True,49152,95232,3072,95232,3072,32,16,32,4
decode,BatchMatMulV2_QC_4_inpLds_1_MNI_LeafQC-unfold0_0_0_-LxRelayout,BatchMatMulV2,1,bmm_1-BMM_1,bmm_1-wtAttnHeadBreak-VirtualReshape_out,1,STCDPOpLx,True,1572864,3047424,98304,3047424,98304,32,16,32,32
decode,BatchMatMulV2_QC_6_inpLds_0_MNI_LeafQC-unfold0_0_0_-LxRelayout,BatchMatMulV2,0,mm_4-BMM_1,mean_1-LayerNormNorm_out,1,STCDPOpLx,True,8192,198400,6400,198400,6400,32,1,25,25
decode,BatchMatMulV2_QC_7_inpLds_0_MNI_LeafQC-unfold0_0_0_-LxRelayout,BatchMatMulV2,0,mm_5-BMM_1,mean_1-LayerNormNorm_out,1,STCDPOpLx,True,8192,198400,6400,198400,6400,32,1,25,25
decode,BatchMatMulV2_QC_8_inpLds_0_MNI_LeafQC-unfold0_0_0_-LxRelayout,BatchMatMulV2,0,mm_6-BMM_1,mul_133_out,1,STCDPOpLx,True,25600,793600,25600,793600,25600,25,1,32,25
decode,Exx2_QC_0_inpLds_0_MNI_LeafQC-unfold0_0_0_-LxRelayout,Exx2,0,mean-Exx2,mul_out,1,STCDPOpLx,True,8192,7936,256,7936,256,32,1,1,1
decode,Exx2_QC_1_inpLds_0_MNI_LeafQC-unfold0_0_0_-LxRelayout,Exx2,0,mean_1-Exx2,add_63_out,1,STCDPOpLx,True,8192,7936,256,7936,256,32,1,1,1
decode,Exx2_QC_2_inpLds_0_MNI_LeafQC-unfold0_0_0_-LxRelayout,Exx2,0,mean_2-Exx2,add_65_out,1,STCDPOpLx,True,8192,7936,256,7936,256,32,1,1,1
decode,Exx2_QC_3_inpLds_0_MNI_LeafQC-unfold0_0_0_-LxRelayout,Exx2,0,mean_3-Exx2,add_129_out,38,STCDPOpLx,True,8192,7936,256,301568,9728,32,1,1,1
decode,Exx2_QC_4_inpLds_0_MNI_LeafQC-unfold0_0_0_-LxRelayout,Exx2,0,mean_4-Exx2,add_131_out,38,STCDPOpLx,True,8192,7936,256,301568,9728,32,1,1,1
decode,Exx2_QC_5_inpLds_0_MNI_LeafQC-unfold0_0_0_-LxRelayout,Exx2,0,mean_79-Exx2,add_2637_out,1,STCDPOpLx,True,8192,7936,256,7936,256,32,1,1,1
decode,Exx2_QC_6_inpLds_0_MNI_LeafQC-unfold0_0_0_-LxRelayout,Exx2,0,mean_80-Exx2,add_2639_out,1,STCDPOpLx,True,8192,7936,256,7936,256,32,1,1,1
decode,LayerNormNorm_QC_0_inpLds_1_MNI_LeafQC-unfold0_0_0_-LxRelayout,LayerNormNorm,1,mean-LayerNormNorm,mean-Exx2_out,1,STCDPOpLx,True,128,3968,128,3968,128,1,1,31,1
decode,LayerNormNorm_QC_0_inpLds_2_MNI_LeafQC-unfold0_0_0_-LxRelayout,LayerNormNorm,2,mean-LayerNormNorm,mean-LayerNormScale_out,1,STCDPOpLx,True,128,3968,128,3968,128,1,1,31,1
decode,LayerNormNorm_QC_1_inpLds_1_MNI_LeafQC-unfold0_0_0_-LxRelayout,LayerNormNorm,1,mean_1-LayerNormNorm,mean_1-Exx2_out,1,STCDPOpLx,True,128,3968,128,3968,128,1,1,31,1
decode,LayerNormNorm_QC_1_inpLds_2_MNI_LeafQC-unfold0_0_0_-LxRelayout,LayerNormNorm,2,mean_1-LayerNormNorm,mean_1-LayerNormScale_out,1,STCDPOpLx,True,128,3968,128,3968,128,1,1,31,1
decode,LayerNormNorm_QC_2_inpLds_1_MNI_LeafQC-unfold0_0_0_-LxRelayout,LayerNormNorm,1,mean_2-LayerNormNorm,mean_2-Exx2_out,1,STCDPOpLx,True,128,3968,128,3968,128,1,1,31,1
decode,LayerNormNorm_QC_2_inpLds_2_MNI_LeafQC-unfold0_0_0_-LxRelayout,LayerNormNorm,2,mean_2-LayerNormNorm,mean_2-LayerNormScale_out,1,STCDPOpLx,True,128,3968,128,3968,128,1,1,31,1
decode,LayerNormNorm_QC_3_inpLds_1_MNI_LeafQC-unfold0_0_0_-LxRelayout,LayerNormNorm,1,mean_3-LayerNormNorm,mean_3-Exx2_out,38,STCDPOpLx,True,128,3968,128,150784,4864,1,1,31,1
decode,LayerNormNorm_QC_3_inpLds_2_MNI_LeafQC-unfold0_0_0_-LxRelayout,LayerNormNorm,2,mean_3-LayerNormNorm,mean_3-LayerNormScale_out,38,STCDPOpLx,True,128,3968,128,150784,4864,1,1,31,1
decode,LayerNormNorm_QC_4_inpLds_1_MNI_LeafQC-unfold0_0_0_-LxRelayout,LayerNormNorm,1,mean_4-LayerNormNorm,mean_4-Exx2_out,38,STCDPOpLx,True,128,3968,128,150784,4864,1,1,31,1
decode,LayerNormNorm_QC_4_inpLds_2_MNI_LeafQC-unfold0_0_0_-LxRelayout,LayerNormNorm,2,mean_4-LayerNormNorm,mean_4-LayerNormScale_out,38,STCDPOpLx,True,128,3968,128,150784,4864,1,1,31,1
decode,LayerNormNorm_QC_5_inpLds_1_MNI_LeafQC-unfold0_0_0_-LxRelayout,LayerNormNorm,1,mean_79-LayerNormNorm,mean_79-Exx2_out,1,STCDPOpLx,True,128,3968,128,3968,128,1,1,31,1
decode,LayerNormNorm_QC_5_inpLds_2_MNI_LeafQC-unfold0_0_0_-LxRelayout,LayerNormNorm,2,mean_79-LayerNormNorm,mean_79-LayerNormScale_out,1,STCDPOpLx,True,128,3968,128,3968,128,1,1,31,1
decode,LayerNormNorm_QC_6_inpLds_1_MNI_LeafQC-unfold0_0_0_-LxRelayout,LayerNormNorm,1,mean_80-LayerNormNorm,mean_80-Exx2_out,1,STCDPOpLx,True,128,3968,128,3968,128,1,1,31,1
decode,LayerNormNorm_QC_6_inpLds_2_MNI_LeafQC-unfold0_0_0_-LxRelayout,LayerNormNorm,2,mean_80-LayerNormNorm,mean_80-LayerNormScale_out,1,STCDPOpLx,True,128,3968,128,3968,128,1,1,31,1
decode,Max_QC_0_inpLds_0_MNI_LeafQC-unfold0_0_0_-LxRelayout,Max,0,_safe_softmax-Max,_safe_softmax-Where3-inp0Masking_out,1,STCDPOpLx,True,49152,47616,1536,47616,1536,32,8,8,1
decode,Max_QC_1_inpLds_0_MNI_LeafQC-unfold0_0_0_-LxRelayout,Max,0,_safe_softmax_1-Max,_safe_softmax_1-Where3-inp0Masking_out,38,STCDPOpLx,True,49152,47616,1536,1809408,58368,32,8,8,1
decode,Max_QC_2_inpLds_0_MNI_LeafQC-unfold0_0_0_-LxRelayout,Max,0,_safe_softmax_39-Max,_safe_softmax_39-Where3-inp0Masking_out,1,STCDPOpLx,True,49152,47616,1536,47616,1536,32,8,8,1
decode,Mul_QC_11_inpLds_1_MNI_LeafQC-unfold0_0_0_-LxRelayout,Mul,1,mul_137-mul_1,mul_137-split_2-Ds0_out,38,STCDPOpLx,True,256,7936,256,301568,9728,2,1,32,2
decode,Mul_QC_12_inpLds_1_MNI_LeafQC-unfold0_0_0_-LxRelayout,Mul,1,mul_137-mul_2,mul_137-split_2-Ds1_out,38,STCDPOpLx,True,256,7936,256,301568,9728,2,1,32,2
decode,Mul_QC_13_inpLds_1_MNI_LeafQC-unfold0_0_0_-LxRelayout,Mul,1,mul_138-mul_1,mul_138-split_2-Ds0_out,38,STCDPOpLx,True,256,1792,256,68096,9728,2,1,8,2
decode,Mul_QC_14_inpLds_1_MNI_LeafQC-unfold0_0_0_-LxRelayout,Mul,1,mul_138-mul_2,mul_138-split_2-Ds1_out,38,STCDPOpLx,True,256,1792,256,68096,9728,2,1,8,2
decode,Mul_QC_17_inpLds_1_MNI_LeafQC-unfold0_0_0_-LxRelayout,Mul,1,_safe_softmax_1-Mul,_safe_softmax_1-Reciprocal_out,38,STCDPOpLx,True,4096,15872,512,603136,19456,8,8,31,1
decode,Mul_QC_1_inpLds_1_MNI_LeafQC-unfold0_0_0_-LxRelayout,Mul,1,mul_3-mul_1,mul_3-split_2-Ds0_out,1,STCDPOpLx,True,256,7936,256,7936,256,2,1,32,2
decode,Mul_QC_21_inpLds_1_MNI_LeafQC-unfold0_0_0_-LxRelayout,Mul,1,mul_5077-mul_1,mul_5077-split_2-Ds0_out,1,STCDPOpLx,True,256,7936,256,7936,256,2,1,32,2
decode,Mul_QC_22_inpLds_1_MNI_LeafQC-unfold0_0_0_-LxRelayout,Mul,1,mul_5077-mul_2,mul_5077-split_2-Ds1_out,1,STCDPOpLx,True,256,7936,256,7936,256,2,1,32,2
decode,Mul_QC_23_inpLds_1_MNI_LeafQC-unfold0_0_0_-LxRelayout,Mul,1,mul_5078-mul_1,mul_5078-split_2-Ds0_out,1,STCDPOpLx,True,256,1792,256,1792,256,2,1,8,2
decode,Mul_QC_24_inpLds_1_MNI_LeafQC-unfold0_0_0_-LxRelayout,Mul,1,mul_5078-mul_2,mul_5078-split_2-Ds1_out,1,STCDPOpLx,True,256,1792,256,1792,256,2,1,8,2
decode,Mul_QC_27_inpLds_1_MNI_LeafQC-unfold0_0_0_-LxRelayout,Mul,1,_safe_softmax_39-Mul,_safe_softmax_39-Reciprocal_out,1,STCDPOpLx,True,4096,15872,512,15872,512,8,8,31,1
decode,Mul_QC_2_inpLds_1_MNI_LeafQC-unfold0_0_0_-LxRelayout,Mul,1,mul_3-mul_2,mul_3-split_2-Ds1_out,1,STCDPOpLx,True,256,7936,256,7936,256,2,1,32,2
decode,Mul_QC_3_inpLds_1_MNI_LeafQC-unfold0_0_0_-LxRelayout,Mul,1,mul_4-mul_1,mul_4-split_2-Ds0_out,1,STCDPOpLx,True,256,1792,256,1792,256,2,1,8,2
decode,Mul_QC_4_inpLds_1_MNI_LeafQC-unfold0_0_0_-LxRelayout,Mul,1,mul_4-mul_2,mul_4-split_2-Ds1_out,1,STCDPOpLx,True,256,1792,256,1792,256,2,1,8,2
decode,Mul_QC_7_inpLds_1_MNI_LeafQC-unfold0_0_0_-LxRelayout,Mul,1,_safe_softmax-Mul,_safe_softmax-Reciprocal_out,1,STCDPOpLx,True,4096,15872,512,15872,512,8,8,31,1
decode,Restickify_QC_0_inpLds_0_MNI_LeafQC-unfold0_0_0_-LxRelayout,Restickify,0,bmm-wtAttnHeadBreak-VirtualReshape-Output-Restickify,bmm-wtAttnHeadBreak-VirtualReshape_out,1,STCDPOpLx,True,1572864,1376256,196608,1376256,196608,32,32,32,32
decode,Restickify_QC_1_inpLds_0_MNI_LeafQC-unfold0_0_0_-LxRelayout,Restickify,0,bmm_2-wtAttnHeadBreak-VirtualReshape-Output-Restickify,bmm_2-wtAttnHeadBreak-VirtualReshape_out,38,STCDPOpLx,True,1572864,1474560,98304,56033280,3735552,32,32,30,2
decode,Restickify_QC_2_inpLds_0_MNI_LeafQC-unfold0_0_0_-LxRelayout,Restickify,0,bmm_78-wtAttnHeadBreak-VirtualReshape-Output-Restickify,bmm_78-wtAttnHeadBreak-VirtualReshape_out,1,STCDPOpLx,True,1572864,1474560,98304,1474560,98304,32,32,30,2
decode,Scatter_QC_1_inpLds_0_MNI_LeafQC-unfold0_0_0_-LxRelayout,Scatter,0,cat_1-kvCacheScatter,view_5-VirtualReshape_out,1,STCDPOpLx,True,2048,1920,128,1920,128,16,1,1,1
decode,Scatter_QC_3_inpLds_0_MNI_LeafQC-unfold0_0_0_-LxRelayout,Scatter,0,cat_3-kvCacheScatter,view_28-VirtualReshape_out,38,STCDPOpLx,True,2048,1920,128,72960,4864,16,1,1,1
decode,Scatter_QC_5_inpLds_0_MNI_LeafQC-unfold0_0_0_-LxRelayout,Scatter,0,cat_79-kvCacheScatter,view_902-VirtualReshape_out,1,STCDPOpLx,True,2048,1920,128,1920,128,16,1,1,1
decode,Stcdp_QC_0_inpLds_0_MNI_LeafQC-unfold0_0_0_-LxRelayout,Stcdp,0,embedding-Output-Stcdp,embedding_out,1,STCDPOpLx,True,8192,7936,256,7936,256,1,32,31,1
decode,Sub_QC_0_inpLds_1_MNI_LeafQC-unfold0_0_0_-LxRelayout,Sub,1,_safe_softmax-Sub,_safe_softmax-Max_out,1,STCDPOpLx,True,4096,15872,512,15872,512,8,8,31,1
decode,Sub_QC_1_inpLds_1_MNI_LeafQC-unfold0_0_0_-LxRelayout,Sub,1,_safe_softmax_1-Sub,_safe_softmax_1-Max_out,38,STCDPOpLx,True,4096,15872,512,603136,19456,8,8,31,1
decode,Sub_QC_2_inpLds_1_MNI_LeafQC-unfold0_0_0_-LxRelayout,Sub,1,_safe_softmax_39-Sub,_safe_softmax_39-Max_out,1,STCDPOpLx,True,4096,15872,512,15872,512,8,8,31,1
decode,Sum_QC_0_inpLds_0_MNI_LeafQC-unfold0_0_0_-LxRelayout,Sum,0,_safe_softmax-Sum,_safe_softmax-Exp_out,1,STCDPOpLx,True,49152,47616,1536,47616,1536,32,8,8,1
decode,Sum_QC_1_inpLds_0_MNI_LeafQC-unfold0_0_0_-LxRelayout,Sum,0,_safe_softmax_1-Sum,_safe_softmax_1-Exp_out,38,STCDPOpLx,True,49152,47616,1536,1809408,58368,32,8,8,1
decode,Sum_QC_2_inpLds_0_MNI_LeafQC-unfold0_0_0_-LxRelayout,Sum,0,_safe_softmax_39-Sum,_safe_softmax_39-Exp_out,1,STCDPOpLx,True,49152,47616,1536,47616,1536,32,8,8,1
