variant,kind,op,cores,split,file
before_relayout_off,ReStickifyOpHBM,104_ReStickifyOpHBM,32,"{"mb": 4, "out": 1, "x": 8}",/home/adnan-cdx/codex-isolated/flash_attention_verify_comms_20260704_033507/runs/before_relayout_off/cache/inductor-spyre/sdsc_fused_add_amax_exp_maximum_mul_sub_sum_transpose_unsqueeze_1_njs45mn3/sdsc_104.json
before_relayout_off,ReStickifyOpHBM,121_ReStickifyOpHBM,32,"{"mb": 4, "out": 1, "x": 8}",/home/adnan-cdx/codex-isolated/flash_attention_verify_comms_20260704_033507/runs/before_relayout_off/cache/inductor-spyre/sdsc_fused_add_amax_exp_maximum_mul_sub_sum_transpose_unsqueeze_1_njs45mn3/sdsc_121.json
before_relayout_off,ReStickifyOpHBM,138_ReStickifyOpHBM,32,"{"mb": 4, "out": 1, "x": 8}",/home/adnan-cdx/codex-isolated/flash_attention_verify_comms_20260704_033507/runs/before_relayout_off/cache/inductor-spyre/sdsc_fused_add_amax_exp_maximum_mul_sub_sum_transpose_unsqueeze_1_njs45mn3/sdsc_138.json
before_relayout_off,ReStickifyOpHBM,155_ReStickifyOpHBM,32,"{"mb": 4, "out": 1, "x": 8}",/home/adnan-cdx/codex-isolated/flash_attention_verify_comms_20260704_033507/runs/before_relayout_off/cache/inductor-spyre/sdsc_fused_add_amax_exp_maximum_mul_sub_sum_transpose_unsqueeze_1_njs45mn3/sdsc_155.json
before_relayout_off,ReStickifyOpHBM,172_ReStickifyOpHBM,32,"{"mb": 4, "out": 1, "x": 8}",/home/adnan-cdx/codex-isolated/flash_attention_verify_comms_20260704_033507/runs/before_relayout_off/cache/inductor-spyre/sdsc_fused_add_amax_exp_maximum_mul_sub_sum_transpose_unsqueeze_1_njs45mn3/sdsc_172.json
before_relayout_off,ReStickifyOpHBM,189_ReStickifyOpHBM,32,"{"mb": 4, "out": 1, "x": 8}",/home/adnan-cdx/codex-isolated/flash_attention_verify_comms_20260704_033507/runs/before_relayout_off/cache/inductor-spyre/sdsc_fused_add_amax_exp_maximum_mul_sub_sum_transpose_unsqueeze_1_njs45mn3/sdsc_189.json
before_relayout_off,ReStickifyOpHBM,19_ReStickifyOpHBM,32,"{"mb": 4, "out": 1, "x": 8}",/home/adnan-cdx/codex-isolated/flash_attention_verify_comms_20260704_033507/runs/before_relayout_off/cache/inductor-spyre/sdsc_fused_add_amax_exp_maximum_mul_sub_sum_transpose_unsqueeze_1_njs45mn3/sdsc_19.json
before_relayout_off,ReStickifyOpHBM,2_ReStickifyOpHBM,32,"{"mb": 4, "out": 1, "x": 8}",/home/adnan-cdx/codex-isolated/flash_attention_verify_comms_20260704_033507/runs/before_relayout_off/cache/inductor-spyre/sdsc_fused_add_amax_exp_maximum_mul_sub_sum_transpose_unsqueeze_1_njs45mn3/sdsc_2.json
before_relayout_off,ReStickifyOpHBM,206_ReStickifyOpHBM,32,"{"mb": 4, "out": 1, "x": 8}",/home/adnan-cdx/codex-isolated/flash_attention_verify_comms_20260704_033507/runs/before_relayout_off/cache/inductor-spyre/sdsc_fused_add_amax_exp_maximum_mul_sub_sum_transpose_unsqueeze_1_njs45mn3/sdsc_206.json
before_relayout_off,ReStickifyOpHBM,223_ReStickifyOpHBM,32,"{"mb": 4, "out": 1, "x": 8}",/home/adnan-cdx/codex-isolated/flash_attention_verify_comms_20260704_033507/runs/before_relayout_off/cache/inductor-spyre/sdsc_fused_add_amax_exp_maximum_mul_sub_sum_transpose_unsqueeze_1_njs45mn3/sdsc_223.json
before_relayout_off,ReStickifyOpHBM,240_ReStickifyOpHBM,32,"{"mb": 4, "out": 1, "x": 8}",/home/adnan-cdx/codex-isolated/flash_attention_verify_comms_20260704_033507/runs/before_relayout_off/cache/inductor-spyre/sdsc_fused_add_amax_exp_maximum_mul_sub_sum_transpose_unsqueeze_1_njs45mn3/sdsc_240.json
before_relayout_off,ReStickifyOpHBM,257_ReStickifyOpHBM,32,"{"mb": 4, "out": 1, "x": 8}",/home/adnan-cdx/codex-isolated/flash_attention_verify_comms_20260704_033507/runs/before_relayout_off/cache/inductor-spyre/sdsc_fused_add_amax_exp_maximum_mul_sub_sum_transpose_unsqueeze_1_njs45mn3/sdsc_257.json
before_relayout_off,ReStickifyOpHBM,274_ReStickifyOpHBM,32,"{"mb": 4, "out": 1, "x": 8}",/home/adnan-cdx/codex-isolated/flash_attention_verify_comms_20260704_033507/runs/before_relayout_off/cache/inductor-spyre/sdsc_fused_add_amax_exp_maximum_mul_sub_sum_transpose_unsqueeze_1_njs45mn3/sdsc_274.json
before_relayout_off,ReStickifyOpHBM,291_ReStickifyOpHBM,32,"{"mb": 4, "out": 1, "x": 8}",/home/adnan-cdx/codex-isolated/flash_attention_verify_comms_20260704_033507/runs/before_relayout_off/cache/inductor-spyre/sdsc_fused_add_amax_exp_maximum_mul_sub_sum_transpose_unsqueeze_1_njs45mn3/sdsc_291.json
before_relayout_off,ReStickifyOpHBM,308_ReStickifyOpHBM,32,"{"mb": 4, "out": 1, "x": 8}",/home/adnan-cdx/codex-isolated/flash_attention_verify_comms_20260704_033507/runs/before_relayout_off/cache/inductor-spyre/sdsc_fused_add_amax_exp_maximum_mul_sub_sum_transpose_unsqueeze_1_njs45mn3/sdsc_308.json
before_relayout_off,ReStickifyOpHBM,325_ReStickifyOpHBM,32,"{"mb": 4, "out": 1, "x": 8}",/home/adnan-cdx/codex-isolated/flash_attention_verify_comms_20260704_033507/runs/before_relayout_off/cache/inductor-spyre/sdsc_fused_add_amax_exp_maximum_mul_sub_sum_transpose_unsqueeze_1_njs45mn3/sdsc_325.json
before_relayout_off,ReStickifyOpHBM,342_ReStickifyOpHBM,32,"{"mb": 4, "out": 1, "x": 8}",/home/adnan-cdx/codex-isolated/flash_attention_verify_comms_20260704_033507/runs/before_relayout_off/cache/inductor-spyre/sdsc_fused_add_amax_exp_maximum_mul_sub_sum_transpose_unsqueeze_1_njs45mn3/sdsc_342.json
before_relayout_off,ReStickifyOpHBM,359_ReStickifyOpHBM,32,"{"mb": 4, "out": 1, "x": 8}",/home/adnan-cdx/codex-isolated/flash_attention_verify_comms_20260704_033507/runs/before_relayout_off/cache/inductor-spyre/sdsc_fused_add_amax_exp_maximum_mul_sub_sum_transpose_unsqueeze_1_njs45mn3/sdsc_359.json
before_relayout_off,ReStickifyOpHBM,36_ReStickifyOpHBM,32,"{"mb": 4, "out": 1, "x": 8}",/home/adnan-cdx/codex-isolated/flash_attention_verify_comms_20260704_033507/runs/before_relayout_off/cache/inductor-spyre/sdsc_fused_add_amax_exp_maximum_mul_sub_sum_transpose_unsqueeze_1_njs45mn3/sdsc_36.json
before_relayout_off,ReStickifyOpHBM,376_ReStickifyOpHBM,32,"{"mb": 4, "out": 1, "x": 8}",/home/adnan-cdx/codex-isolated/flash_attention_verify_comms_20260704_033507/runs/before_relayout_off/cache/inductor-spyre/sdsc_fused_add_amax_exp_maximum_mul_sub_sum_transpose_unsqueeze_1_njs45mn3/sdsc_376.json
before_relayout_off,ReStickifyOpHBM,393_ReStickifyOpHBM,32,"{"mb": 4, "out": 1, "x": 8}",/home/adnan-cdx/codex-isolated/flash_attention_verify_comms_20260704_033507/runs/before_relayout_off/cache/inductor-spyre/sdsc_fused_add_amax_exp_maximum_mul_sub_sum_transpose_unsqueeze_1_njs45mn3/sdsc_393.json
before_relayout_off,ReStickifyOpHBM,410_ReStickifyOpHBM,32,"{"mb": 4, "out": 1, "x": 8}",/home/adnan-cdx/codex-isolated/flash_attention_verify_comms_20260704_033507/runs/before_relayout_off/cache/inductor-spyre/sdsc_fused_add_amax_exp_maximum_mul_sub_sum_transpose_unsqueeze_1_njs45mn3/sdsc_410.json
before_relayout_off,ReStickifyOpHBM,427_ReStickifyOpHBM,32,"{"mb": 4, "out": 1, "x": 8}",/home/adnan-cdx/codex-isolated/flash_attention_verify_comms_20260704_033507/runs/before_relayout_off/cache/inductor-spyre/sdsc_fused_add_amax_exp_maximum_mul_sub_sum_transpose_unsqueeze_1_njs45mn3/sdsc_427.json
before_relayout_off,ReStickifyOpHBM,444_ReStickifyOpHBM,32,"{"mb": 4, "out": 1, "x": 8}",/home/adnan-cdx/codex-isolated/flash_attention_verify_comms_20260704_033507/runs/before_relayout_off/cache/inductor-spyre/sdsc_fused_add_amax_exp_maximum_mul_sub_sum_transpose_unsqueeze_1_njs45mn3/sdsc_444.json
before_relayout_off,ReStickifyOpHBM,461_ReStickifyOpHBM,32,"{"mb": 4, "out": 1, "x": 8}",/home/adnan-cdx/codex-isolated/flash_attention_verify_comms_20260704_033507/runs/before_relayout_off/cache/inductor-spyre/sdsc_fused_add_amax_exp_maximum_mul_sub_sum_transpose_unsqueeze_1_njs45mn3/sdsc_461.json
before_relayout_off,ReStickifyOpHBM,478_ReStickifyOpHBM,32,"{"mb": 4, "out": 1, "x": 8}",/home/adnan-cdx/codex-isolated/flash_attention_verify_comms_20260704_033507/runs/before_relayout_off/cache/inductor-spyre/sdsc_fused_add_amax_exp_maximum_mul_sub_sum_transpose_unsqueeze_1_njs45mn3/sdsc_478.json
before_relayout_off,ReStickifyOpHBM,495_ReStickifyOpHBM,32,"{"mb": 4, "out": 1, "x": 8}",/home/adnan-cdx/codex-isolated/flash_attention_verify_comms_20260704_033507/runs/before_relayout_off/cache/inductor-spyre/sdsc_fused_add_amax_exp_maximum_mul_sub_sum_transpose_unsqueeze_1_njs45mn3/sdsc_495.json
before_relayout_off,ReStickifyOpHBM,512_ReStickifyOpHBM,32,"{"mb": 4, "out": 1, "x": 8}",/home/adnan-cdx/codex-isolated/flash_attention_verify_comms_20260704_033507/runs/before_relayout_off/cache/inductor-spyre/sdsc_fused_add_amax_exp_maximum_mul_sub_sum_transpose_unsqueeze_1_njs45mn3/sdsc_512.json
before_relayout_off,ReStickifyOpHBM,529_ReStickifyOpHBM,32,"{"mb": 4, "out": 1, "x": 8}",/home/adnan-cdx/codex-isolated/flash_attention_verify_comms_20260704_033507/runs/before_relayout_off/cache/inductor-spyre/sdsc_fused_add_amax_exp_maximum_mul_sub_sum_transpose_unsqueeze_1_njs45mn3/sdsc_529.json
before_relayout_off,ReStickifyOpHBM,53_ReStickifyOpHBM,32,"{"mb": 4, "out": 1, "x": 8}",/home/adnan-cdx/codex-isolated/flash_attention_verify_comms_20260704_033507/runs/before_relayout_off/cache/inductor-spyre/sdsc_fused_add_amax_exp_maximum_mul_sub_sum_transpose_unsqueeze_1_njs45mn3/sdsc_53.json
before_relayout_off,ReStickifyOpHBM,70_ReStickifyOpHBM,32,"{"mb": 4, "out": 1, "x": 8}",/home/adnan-cdx/codex-isolated/flash_attention_verify_comms_20260704_033507/runs/before_relayout_off/cache/inductor-spyre/sdsc_fused_add_amax_exp_maximum_mul_sub_sum_transpose_unsqueeze_1_njs45mn3/sdsc_70.json
before_relayout_off,ReStickifyOpHBM,87_ReStickifyOpHBM,32,"{"mb": 4, "out": 1, "x": 8}",/home/adnan-cdx/codex-isolated/flash_attention_verify_comms_20260704_033507/runs/before_relayout_off/cache/inductor-spyre/sdsc_fused_add_amax_exp_maximum_mul_sub_sum_transpose_unsqueeze_1_njs45mn3/sdsc_87.json
after_relayout_on,ReStickifyOpLx,104_ReStickifyOpLx,32,"{"mb": 4, "out": 1, "x": 8}",/home/adnan-cdx/codex-isolated/flash_attention_verify_comms_20260704_033507/runs/after_relayout_on/cache/inductor-spyre/sdsc_fused_add_amax_exp_maximum_mul_sub_sum_transpose_unsqueeze_1_2em9vke0/sdsc_104.json
after_relayout_on,ReStickifyOpLx,121_ReStickifyOpLx,32,"{"mb": 4, "out": 1, "x": 8}",/home/adnan-cdx/codex-isolated/flash_attention_verify_comms_20260704_033507/runs/after_relayout_on/cache/inductor-spyre/sdsc_fused_add_amax_exp_maximum_mul_sub_sum_transpose_unsqueeze_1_2em9vke0/sdsc_121.json
after_relayout_on,ReStickifyOpLx,138_ReStickifyOpLx,32,"{"mb": 4, "out": 1, "x": 8}",/home/adnan-cdx/codex-isolated/flash_attention_verify_comms_20260704_033507/runs/after_relayout_on/cache/inductor-spyre/sdsc_fused_add_amax_exp_maximum_mul_sub_sum_transpose_unsqueeze_1_2em9vke0/sdsc_138.json
after_relayout_on,ReStickifyOpLx,155_ReStickifyOpLx,32,"{"mb": 4, "out": 1, "x": 8}",/home/adnan-cdx/codex-isolated/flash_attention_verify_comms_20260704_033507/runs/after_relayout_on/cache/inductor-spyre/sdsc_fused_add_amax_exp_maximum_mul_sub_sum_transpose_unsqueeze_1_2em9vke0/sdsc_155.json
after_relayout_on,ReStickifyOpLx,172_ReStickifyOpLx,32,"{"mb": 4, "out": 1, "x": 8}",/home/adnan-cdx/codex-isolated/flash_attention_verify_comms_20260704_033507/runs/after_relayout_on/cache/inductor-spyre/sdsc_fused_add_amax_exp_maximum_mul_sub_sum_transpose_unsqueeze_1_2em9vke0/sdsc_172.json
after_relayout_on,ReStickifyOpLx,189_ReStickifyOpLx,32,"{"mb": 4, "out": 1, "x": 8}",/home/adnan-cdx/codex-isolated/flash_attention_verify_comms_20260704_033507/runs/after_relayout_on/cache/inductor-spyre/sdsc_fused_add_amax_exp_maximum_mul_sub_sum_transpose_unsqueeze_1_2em9vke0/sdsc_189.json
after_relayout_on,ReStickifyOpLx,19_ReStickifyOpLx,32,"{"mb": 4, "out": 1, "x": 8}",/home/adnan-cdx/codex-isolated/flash_attention_verify_comms_20260704_033507/runs/after_relayout_on/cache/inductor-spyre/sdsc_fused_add_amax_exp_maximum_mul_sub_sum_transpose_unsqueeze_1_2em9vke0/sdsc_19.json
after_relayout_on,ReStickifyOpLx,2_ReStickifyOpLx,32,"{"mb": 4, "out": 1, "x": 8}",/home/adnan-cdx/codex-isolated/flash_attention_verify_comms_20260704_033507/runs/after_relayout_on/cache/inductor-spyre/sdsc_fused_add_amax_exp_maximum_mul_sub_sum_transpose_unsqueeze_1_2em9vke0/sdsc_2.json
after_relayout_on,ReStickifyOpLx,206_ReStickifyOpLx,32,"{"mb": 4, "out": 1, "x": 8}",/home/adnan-cdx/codex-isolated/flash_attention_verify_comms_20260704_033507/runs/after_relayout_on/cache/inductor-spyre/sdsc_fused_add_amax_exp_maximum_mul_sub_sum_transpose_unsqueeze_1_2em9vke0/sdsc_206.json
after_relayout_on,ReStickifyOpLx,223_ReStickifyOpLx,32,"{"mb": 4, "out": 1, "x": 8}",/home/adnan-cdx/codex-isolated/flash_attention_verify_comms_20260704_033507/runs/after_relayout_on/cache/inductor-spyre/sdsc_fused_add_amax_exp_maximum_mul_sub_sum_transpose_unsqueeze_1_2em9vke0/sdsc_223.json
after_relayout_on,ReStickifyOpLx,240_ReStickifyOpLx,32,"{"mb": 4, "out": 1, "x": 8}",/home/adnan-cdx/codex-isolated/flash_attention_verify_comms_20260704_033507/runs/after_relayout_on/cache/inductor-spyre/sdsc_fused_add_amax_exp_maximum_mul_sub_sum_transpose_unsqueeze_1_2em9vke0/sdsc_240.json
after_relayout_on,ReStickifyOpLx,257_ReStickifyOpLx,32,"{"mb": 4, "out": 1, "x": 8}",/home/adnan-cdx/codex-isolated/flash_attention_verify_comms_20260704_033507/runs/after_relayout_on/cache/inductor-spyre/sdsc_fused_add_amax_exp_maximum_mul_sub_sum_transpose_unsqueeze_1_2em9vke0/sdsc_257.json
after_relayout_on,ReStickifyOpLx,274_ReStickifyOpLx,32,"{"mb": 4, "out": 1, "x": 8}",/home/adnan-cdx/codex-isolated/flash_attention_verify_comms_20260704_033507/runs/after_relayout_on/cache/inductor-spyre/sdsc_fused_add_amax_exp_maximum_mul_sub_sum_transpose_unsqueeze_1_2em9vke0/sdsc_274.json
after_relayout_on,ReStickifyOpLx,291_ReStickifyOpLx,32,"{"mb": 4, "out": 1, "x": 8}",/home/adnan-cdx/codex-isolated/flash_attention_verify_comms_20260704_033507/runs/after_relayout_on/cache/inductor-spyre/sdsc_fused_add_amax_exp_maximum_mul_sub_sum_transpose_unsqueeze_1_2em9vke0/sdsc_291.json
after_relayout_on,ReStickifyOpLx,308_ReStickifyOpLx,32,"{"mb": 4, "out": 1, "x": 8}",/home/adnan-cdx/codex-isolated/flash_attention_verify_comms_20260704_033507/runs/after_relayout_on/cache/inductor-spyre/sdsc_fused_add_amax_exp_maximum_mul_sub_sum_transpose_unsqueeze_1_2em9vke0/sdsc_308.json
after_relayout_on,ReStickifyOpLx,325_ReStickifyOpLx,32,"{"mb": 4, "out": 1, "x": 8}",/home/adnan-cdx/codex-isolated/flash_attention_verify_comms_20260704_033507/runs/after_relayout_on/cache/inductor-spyre/sdsc_fused_add_amax_exp_maximum_mul_sub_sum_transpose_unsqueeze_1_2em9vke0/sdsc_325.json
after_relayout_on,ReStickifyOpLx,342_ReStickifyOpLx,32,"{"mb": 4, "out": 1, "x": 8}",/home/adnan-cdx/codex-isolated/flash_attention_verify_comms_20260704_033507/runs/after_relayout_on/cache/inductor-spyre/sdsc_fused_add_amax_exp_maximum_mul_sub_sum_transpose_unsqueeze_1_2em9vke0/sdsc_342.json
after_relayout_on,ReStickifyOpLx,359_ReStickifyOpLx,32,"{"mb": 4, "out": 1, "x": 8}",/home/adnan-cdx/codex-isolated/flash_attention_verify_comms_20260704_033507/runs/after_relayout_on/cache/inductor-spyre/sdsc_fused_add_amax_exp_maximum_mul_sub_sum_transpose_unsqueeze_1_2em9vke0/sdsc_359.json
after_relayout_on,ReStickifyOpLx,36_ReStickifyOpLx,32,"{"mb": 4, "out": 1, "x": 8}",/home/adnan-cdx/codex-isolated/flash_attention_verify_comms_20260704_033507/runs/after_relayout_on/cache/inductor-spyre/sdsc_fused_add_amax_exp_maximum_mul_sub_sum_transpose_unsqueeze_1_2em9vke0/sdsc_36.json
after_relayout_on,ReStickifyOpLx,376_ReStickifyOpLx,32,"{"mb": 4, "out": 1, "x": 8}",/home/adnan-cdx/codex-isolated/flash_attention_verify_comms_20260704_033507/runs/after_relayout_on/cache/inductor-spyre/sdsc_fused_add_amax_exp_maximum_mul_sub_sum_transpose_unsqueeze_1_2em9vke0/sdsc_376.json
after_relayout_on,ReStickifyOpLx,393_ReStickifyOpLx,32,"{"mb": 4, "out": 1, "x": 8}",/home/adnan-cdx/codex-isolated/flash_attention_verify_comms_20260704_033507/runs/after_relayout_on/cache/inductor-spyre/sdsc_fused_add_amax_exp_maximum_mul_sub_sum_transpose_unsqueeze_1_2em9vke0/sdsc_393.json
after_relayout_on,ReStickifyOpLx,410_ReStickifyOpLx,32,"{"mb": 4, "out": 1, "x": 8}",/home/adnan-cdx/codex-isolated/flash_attention_verify_comms_20260704_033507/runs/after_relayout_on/cache/inductor-spyre/sdsc_fused_add_amax_exp_maximum_mul_sub_sum_transpose_unsqueeze_1_2em9vke0/sdsc_410.json
after_relayout_on,ReStickifyOpLx,427_ReStickifyOpLx,32,"{"mb": 4, "out": 1, "x": 8}",/home/adnan-cdx/codex-isolated/flash_attention_verify_comms_20260704_033507/runs/after_relayout_on/cache/inductor-spyre/sdsc_fused_add_amax_exp_maximum_mul_sub_sum_transpose_unsqueeze_1_2em9vke0/sdsc_427.json
after_relayout_on,ReStickifyOpLx,444_ReStickifyOpLx,32,"{"mb": 4, "out": 1, "x": 8}",/home/adnan-cdx/codex-isolated/flash_attention_verify_comms_20260704_033507/runs/after_relayout_on/cache/inductor-spyre/sdsc_fused_add_amax_exp_maximum_mul_sub_sum_transpose_unsqueeze_1_2em9vke0/sdsc_444.json
after_relayout_on,ReStickifyOpLx,461_ReStickifyOpLx,32,"{"mb": 4, "out": 1, "x": 8}",/home/adnan-cdx/codex-isolated/flash_attention_verify_comms_20260704_033507/runs/after_relayout_on/cache/inductor-spyre/sdsc_fused_add_amax_exp_maximum_mul_sub_sum_transpose_unsqueeze_1_2em9vke0/sdsc_461.json
after_relayout_on,ReStickifyOpLx,478_ReStickifyOpLx,32,"{"mb": 4, "out": 1, "x": 8}",/home/adnan-cdx/codex-isolated/flash_attention_verify_comms_20260704_033507/runs/after_relayout_on/cache/inductor-spyre/sdsc_fused_add_amax_exp_maximum_mul_sub_sum_transpose_unsqueeze_1_2em9vke0/sdsc_478.json
after_relayout_on,ReStickifyOpLx,495_ReStickifyOpLx,32,"{"mb": 4, "out": 1, "x": 8}",/home/adnan-cdx/codex-isolated/flash_attention_verify_comms_20260704_033507/runs/after_relayout_on/cache/inductor-spyre/sdsc_fused_add_amax_exp_maximum_mul_sub_sum_transpose_unsqueeze_1_2em9vke0/sdsc_495.json
after_relayout_on,ReStickifyOpLx,512_ReStickifyOpLx,32,"{"mb": 4, "out": 1, "x": 8}",/home/adnan-cdx/codex-isolated/flash_attention_verify_comms_20260704_033507/runs/after_relayout_on/cache/inductor-spyre/sdsc_fused_add_amax_exp_maximum_mul_sub_sum_transpose_unsqueeze_1_2em9vke0/sdsc_512.json
after_relayout_on,ReStickifyOpLx,529_ReStickifyOpLx,32,"{"mb": 4, "out": 1, "x": 8}",/home/adnan-cdx/codex-isolated/flash_attention_verify_comms_20260704_033507/runs/after_relayout_on/cache/inductor-spyre/sdsc_fused_add_amax_exp_maximum_mul_sub_sum_transpose_unsqueeze_1_2em9vke0/sdsc_529.json
after_relayout_on,ReStickifyOpLx,53_ReStickifyOpLx,32,"{"mb": 4, "out": 1, "x": 8}",/home/adnan-cdx/codex-isolated/flash_attention_verify_comms_20260704_033507/runs/after_relayout_on/cache/inductor-spyre/sdsc_fused_add_amax_exp_maximum_mul_sub_sum_transpose_unsqueeze_1_2em9vke0/sdsc_53.json
after_relayout_on,ReStickifyOpLx,70_ReStickifyOpLx,32,"{"mb": 4, "out": 1, "x": 8}",/home/adnan-cdx/codex-isolated/flash_attention_verify_comms_20260704_033507/runs/after_relayout_on/cache/inductor-spyre/sdsc_fused_add_amax_exp_maximum_mul_sub_sum_transpose_unsqueeze_1_2em9vke0/sdsc_70.json
after_relayout_on,ReStickifyOpLx,87_ReStickifyOpLx,32,"{"mb": 4, "out": 1, "x": 8}",/home/adnan-cdx/codex-isolated/flash_attention_verify_comms_20260704_033507/runs/after_relayout_on/cache/inductor-spyre/sdsc_fused_add_amax_exp_maximum_mul_sub_sum_transpose_unsqueeze_1_2em9vke0/sdsc_87.json
