json_file,root,op,cores,tensor,role,loc,layout_wkslices,address,coreIdToWkSlice,schedule
/home/adnan-cdx/codex-isolated/gather_restickify_clean_20260706_113236/runs/granite_s512_latest_acceptance_20260707_204801/relayout_enabled_pinned_fms/block_prefill/cache/inductor-spyre/sdsc_fused__scaled_dot_product_fused_attention_overrideable__unsafe_view_clone_expand_mul_split_with_sizes_sum_transpose_unsqueeze_view_1_tqe8_9v8/sdsc_0.json,0_mul,mul,32,0_Tensor0,OUTPUT,hbm+lx,"layout=out,y,mb,i,x; stick=i; stick_size=[64]",-0x20..-0x1 (32 unique),i=0 mb=core_id out=0 x=0 y=0,"all [[-1,0,0,0]]"
/home/adnan-cdx/codex-isolated/gather_restickify_clean_20260706_113236/runs/granite_s512_latest_acceptance_20260707_204801/relayout_enabled_pinned_fms/block_prefill/cache/inductor-spyre/sdsc_fused__scaled_dot_product_fused_attention_overrideable__unsafe_view_clone_expand_mul_split_with_sizes_sum_transpose_unsqueeze_view_1_tqe8_9v8/sdsc_0.json,0_mul,mul,32,1_Tensor1,OUTPUT,hbm+lx,"layout=out,y,mb,i,x; stick=i; stick_size=[64]",-0x40..-0x21 (32 unique),i=0 mb=core_id out=0 x=0 y=0,"all [[-1,0,0,0]]"
/home/adnan-cdx/codex-isolated/gather_restickify_clean_20260706_113236/runs/granite_s512_latest_acceptance_20260707_204801/relayout_enabled_pinned_fms/block_prefill/cache/inductor-spyre/sdsc_fused__scaled_dot_product_fused_attention_overrideable__unsafe_view_clone_expand_mul_split_with_sizes_sum_transpose_unsqueeze_view_1_tqe8_9v8/sdsc_0.json,0_mul,mul,32,2_Tensor2,OUTPUT,lx,"layout=out,y,mb,i,x; stick=i; stick_size=[64]",0x0,i=0 mb=core_id out=0 x=0 y=0,"all [[-1,0,0,0]]"
/home/adnan-cdx/codex-isolated/gather_restickify_clean_20260706_113236/runs/granite_s512_latest_acceptance_20260707_204801/relayout_enabled_pinned_fms/block_prefill/cache/inductor-spyre/sdsc_fused__scaled_dot_product_fused_attention_overrideable__unsafe_view_clone_expand_mul_split_with_sizes_sum_transpose_unsqueeze_view_1_tqe8_9v8/sdsc_1.json,1_sumnonstick,sumnonstick,32,0_Tensor0,OUTPUT,lx,"layout=mb,out,y,x,i; stick=i; stick_size=[64]",0x0,i=0 mb=core_id out=0 x=0 y=0,"all [[-1,0,0,0]]"
/home/adnan-cdx/codex-isolated/gather_restickify_clean_20260706_113236/runs/granite_s512_latest_acceptance_20260707_204801/relayout_enabled_pinned_fms/block_prefill/cache/inductor-spyre/sdsc_fused__scaled_dot_product_fused_attention_overrideable__unsafe_view_clone_expand_mul_split_with_sizes_sum_transpose_unsqueeze_view_1_tqe8_9v8/sdsc_1.json,1_sumnonstick,sumnonstick,32,1_Tensor1,OUTPUT,lx,"layout=mb,out,y,x,i; stick=i; stick_size=[64]",0x40000,i=0 mb=core_id out=0 x=0 y=0,"all [[-1,0,0,0]]"
/home/adnan-cdx/codex-isolated/gather_restickify_clean_20260706_113236/runs/granite_s512_latest_acceptance_20260707_204801/relayout_enabled_pinned_fms/block_prefill/cache/inductor-spyre/sdsc_fused__scaled_dot_product_fused_attention_overrideable__unsafe_view_clone_expand_mul_split_with_sizes_sum_transpose_unsqueeze_view_1_tqe8_9v8/sdsc_10.json,10_max,max,32,0_Tensor0,OUTPUT,lx,"layout=mb,out,x; stick=out; stick_size=[64]",0x80000,mb=0 out=0 x=core_id,"all [[-1,0,0,0]]"
/home/adnan-cdx/codex-isolated/gather_restickify_clean_20260706_113236/runs/granite_s512_latest_acceptance_20260707_204801/relayout_enabled_pinned_fms/block_prefill/cache/inductor-spyre/sdsc_fused__scaled_dot_product_fused_attention_overrideable__unsafe_view_clone_expand_mul_split_with_sizes_sum_transpose_unsqueeze_view_1_tqe8_9v8/sdsc_10.json,10_max,max,32,1_Tensor1,OUTPUT,lx,"layout=mb,out,x; stick=out; stick_size=[64]",0x0,mb=0 out=0 x=core_id,"all [[-1,0,0,0]]"
/home/adnan-cdx/codex-isolated/gather_restickify_clean_20260706_113236/runs/granite_s512_latest_acceptance_20260707_204801/relayout_enabled_pinned_fms/block_prefill/cache/inductor-spyre/sdsc_fused__scaled_dot_product_fused_attention_overrideable__unsafe_view_clone_expand_mul_split_with_sizes_sum_transpose_unsqueeze_view_1_tqe8_9v8/sdsc_11.json,11_sub,sub,32,0_Tensor0,OUTPUT,lx,"layout=mb,out,x; stick=out; stick_size=[64]",0x80000,mb=0 out=0 x=core_id,"all [[-1,0,0,0]]"
/home/adnan-cdx/codex-isolated/gather_restickify_clean_20260706_113236/runs/granite_s512_latest_acceptance_20260707_204801/relayout_enabled_pinned_fms/block_prefill/cache/inductor-spyre/sdsc_fused__scaled_dot_product_fused_attention_overrideable__unsafe_view_clone_expand_mul_split_with_sizes_sum_transpose_unsqueeze_view_1_tqe8_9v8/sdsc_11.json,11_sub,sub,32,1_Tensor1,OUTPUT,lx,"layout=mb,out,x; stick=out; stick_size=[64]",0x0,mb=0 out=0 x=core_id,"all [[-1,0,0,0]]"
/home/adnan-cdx/codex-isolated/gather_restickify_clean_20260706_113236/runs/granite_s512_latest_acceptance_20260707_204801/relayout_enabled_pinned_fms/block_prefill/cache/inductor-spyre/sdsc_fused__scaled_dot_product_fused_attention_overrideable__unsafe_view_clone_expand_mul_split_with_sizes_sum_transpose_unsqueeze_view_1_tqe8_9v8/sdsc_11.json,11_sub,sub,32,2_Tensor2,OUTPUT,lx,"layout=mb,out,x; stick=out; stick_size=[64]",0x100000,mb=0 out=0 x=core_id,"all [[-1,0,0,0]]"
/home/adnan-cdx/codex-isolated/gather_restickify_clean_20260706_113236/runs/granite_s512_latest_acceptance_20260707_204801/relayout_enabled_pinned_fms/block_prefill/cache/inductor-spyre/sdsc_fused__scaled_dot_product_fused_attention_overrideable__unsafe_view_clone_expand_mul_split_with_sizes_sum_transpose_unsqueeze_view_1_tqe8_9v8/sdsc_12.json,12_exp,exp,32,0_Tensor0,OUTPUT,lx,"layout=mb,out,x; stick=out; stick_size=[64]",0x100000,mb=0 out=0 x=core_id,"all [[-1,0,0,0]]"
/home/adnan-cdx/codex-isolated/gather_restickify_clean_20260706_113236/runs/granite_s512_latest_acceptance_20260707_204801/relayout_enabled_pinned_fms/block_prefill/cache/inductor-spyre/sdsc_fused__scaled_dot_product_fused_attention_overrideable__unsafe_view_clone_expand_mul_split_with_sizes_sum_transpose_unsqueeze_view_1_tqe8_9v8/sdsc_12.json,12_exp,exp,32,1_Tensor1,OUTPUT,lx,"layout=mb,out,x; stick=out; stick_size=[64]",0x100000,mb=0 out=0 x=core_id,"all [[-1,0,0,0]]"
/home/adnan-cdx/codex-isolated/gather_restickify_clean_20260706_113236/runs/granite_s512_latest_acceptance_20260707_204801/relayout_enabled_pinned_fms/block_prefill/cache/inductor-spyre/sdsc_fused__scaled_dot_product_fused_attention_overrideable__unsafe_view_clone_expand_mul_split_with_sizes_sum_transpose_unsqueeze_view_1_tqe8_9v8/sdsc_13.json,13_sum,sum,32,0_Tensor0,OUTPUT,lx,"layout=mb,out,x; stick=out; stick_size=[64]",0x100000,mb=0 out=0 x=core_id,"all [[-1,0,0,0]]"
/home/adnan-cdx/codex-isolated/gather_restickify_clean_20260706_113236/runs/granite_s512_latest_acceptance_20260707_204801/relayout_enabled_pinned_fms/block_prefill/cache/inductor-spyre/sdsc_fused__scaled_dot_product_fused_attention_overrideable__unsafe_view_clone_expand_mul_split_with_sizes_sum_transpose_unsqueeze_view_1_tqe8_9v8/sdsc_13.json,13_sum,sum,32,1_Tensor1,OUTPUT,lx,"layout=mb,out,x; stick=out; stick_size=[64]",0x0,mb=0 out=0 x=core_id,"all [[-1,0,0,0]]"
/home/adnan-cdx/codex-isolated/gather_restickify_clean_20260706_113236/runs/granite_s512_latest_acceptance_20260707_204801/relayout_enabled_pinned_fms/block_prefill/cache/inductor-spyre/sdsc_fused__scaled_dot_product_fused_attention_overrideable__unsafe_view_clone_expand_mul_split_with_sizes_sum_transpose_unsqueeze_view_1_tqe8_9v8/sdsc_14.json,14_realdiv,realdiv,32,0_Tensor0,OUTPUT,lx,"layout=mb,out,x; stick=out; stick_size=[64]",0x100000,mb=0 out=0 x=core_id,"all [[-1,0,0,0]]"
/home/adnan-cdx/codex-isolated/gather_restickify_clean_20260706_113236/runs/granite_s512_latest_acceptance_20260707_204801/relayout_enabled_pinned_fms/block_prefill/cache/inductor-spyre/sdsc_fused__scaled_dot_product_fused_attention_overrideable__unsafe_view_clone_expand_mul_split_with_sizes_sum_transpose_unsqueeze_view_1_tqe8_9v8/sdsc_14.json,14_realdiv,realdiv,32,1_Tensor1,OUTPUT,lx,"layout=mb,out,x; stick=out; stick_size=[64]",0x0,mb=0 out=0 x=core_id,"all [[-1,0,0,0]]"
/home/adnan-cdx/codex-isolated/gather_restickify_clean_20260706_113236/runs/granite_s512_latest_acceptance_20260707_204801/relayout_enabled_pinned_fms/block_prefill/cache/inductor-spyre/sdsc_fused__scaled_dot_product_fused_attention_overrideable__unsafe_view_clone_expand_mul_split_with_sizes_sum_transpose_unsqueeze_view_1_tqe8_9v8/sdsc_14.json,14_realdiv,realdiv,32,2_Tensor2,OUTPUT,lx,"layout=mb,out,x; stick=out; stick_size=[64]",0x100000,mb=0 out=0 x=core_id,"all [[-1,0,0,0]]"
/home/adnan-cdx/codex-isolated/gather_restickify_clean_20260706_113236/runs/granite_s512_latest_acceptance_20260707_204801/relayout_enabled_pinned_fms/block_prefill/cache/inductor-spyre/sdsc_fused__scaled_dot_product_fused_attention_overrideable__unsafe_view_clone_expand_mul_split_with_sizes_sum_transpose_unsqueeze_view_1_tqe8_9v8/sdsc_15.json,15_identity,identity,32,0_Tensor0,OUTPUT,hbm+lx,"layout=out,mb,y,x; stick=out; stick_size=[64]",-0x156..-0x137 (32 unique),mb=0 out=0 x=0 y=core_id,"all [[-1,0,0,0]]"
/home/adnan-cdx/codex-isolated/gather_restickify_clean_20260706_113236/runs/granite_s512_latest_acceptance_20260707_204801/relayout_enabled_pinned_fms/block_prefill/cache/inductor-spyre/sdsc_fused__scaled_dot_product_fused_attention_overrideable__unsafe_view_clone_expand_mul_split_with_sizes_sum_transpose_unsqueeze_view_1_tqe8_9v8/sdsc_15.json,15_identity,identity,32,1_Tensor1,OUTPUT,hbm+lx,"layout=out,mb,y,x; stick=out; stick_size=[64]",-0x176..-0x157 (32 unique),mb=0 out=0 x=0 y=core_id,"all [[-1,0,0,0]]"
/home/adnan-cdx/codex-isolated/gather_restickify_clean_20260706_113236/runs/granite_s512_latest_acceptance_20260707_204801/relayout_enabled_pinned_fms/block_prefill/cache/inductor-spyre/sdsc_fused__scaled_dot_product_fused_attention_overrideable__unsafe_view_clone_expand_mul_split_with_sizes_sum_transpose_unsqueeze_view_1_tqe8_9v8/sdsc_16.json,16_batchmatmul,batchmatmul,32,0_Tensor0,INPUT,lx,"layout=x,in,mb; stick=in; stick_size=[64]",0x100000,in=0 mb=core_id out=0 x=0,"all [[-1,0,0,0]]"
/home/adnan-cdx/codex-isolated/gather_restickify_clean_20260706_113236/runs/granite_s512_latest_acceptance_20260707_204801/relayout_enabled_pinned_fms/block_prefill/cache/inductor-spyre/sdsc_fused__scaled_dot_product_fused_attention_overrideable__unsafe_view_clone_expand_mul_split_with_sizes_sum_transpose_unsqueeze_view_1_tqe8_9v8/sdsc_16.json,16_batchmatmul,batchmatmul,32,1_Tensor1,KERNEL,hbm+lx,"layout=out,in,x; stick=out; stick_size=[64]",-0x177,in=0 mb=core_id out=0 x=0,"all [[-1,0,0,0]]"
/home/adnan-cdx/codex-isolated/gather_restickify_clean_20260706_113236/runs/granite_s512_latest_acceptance_20260707_204801/relayout_enabled_pinned_fms/block_prefill/cache/inductor-spyre/sdsc_fused__scaled_dot_product_fused_attention_overrideable__unsafe_view_clone_expand_mul_split_with_sizes_sum_transpose_unsqueeze_view_1_tqe8_9v8/sdsc_16.json,16_batchmatmul,batchmatmul,32,2_Tensor2,OUTPUT,lx,"layout=out,mb,x; stick=out; stick_size=[64]",0x0,in=0 mb=core_id out=0 x=0,"all [[-1,0,0,0]]"
/home/adnan-cdx/codex-isolated/gather_restickify_clean_20260706_113236/runs/granite_s512_latest_acceptance_20260707_204801/relayout_enabled_pinned_fms/block_prefill/cache/inductor-spyre/sdsc_fused__scaled_dot_product_fused_attention_overrideable__unsafe_view_clone_expand_mul_split_with_sizes_sum_transpose_unsqueeze_view_1_tqe8_9v8/sdsc_17.json,17_identity,identity,32,0_Tensor0,OUTPUT,lx,"layout=out,x,mb; stick=out; stick_size=[64]",0x0,mb=0 out=0 x=core_id,"all [[-1,0,0,0]]"
/home/adnan-cdx/codex-isolated/gather_restickify_clean_20260706_113236/runs/granite_s512_latest_acceptance_20260707_204801/relayout_enabled_pinned_fms/block_prefill/cache/inductor-spyre/sdsc_fused__scaled_dot_product_fused_attention_overrideable__unsafe_view_clone_expand_mul_split_with_sizes_sum_transpose_unsqueeze_view_1_tqe8_9v8/sdsc_17.json,17_identity,identity,32,1_Tensor1,OUTPUT,hbm+lx,"layout=out,x,mb; stick=out; stick_size=[64]",-0x197..-0x178 (32 unique),mb=0 out=0 x=core_id,"all [[-1,0,0,0]]"
/home/adnan-cdx/codex-isolated/gather_restickify_clean_20260706_113236/runs/granite_s512_latest_acceptance_20260707_204801/relayout_enabled_pinned_fms/block_prefill/cache/inductor-spyre/sdsc_fused__scaled_dot_product_fused_attention_overrideable__unsafe_view_clone_expand_mul_split_with_sizes_sum_transpose_unsqueeze_view_1_tqe8_9v8/sdsc_2.json,2_mul,mul,32,0_Tensor0,OUTPUT,lx,"layout=mb,out,x; stick=out; stick_size=[64]",0x40000,mb=core_id out=0 x=0,"all [[-1,0,0,0]]"
/home/adnan-cdx/codex-isolated/gather_restickify_clean_20260706_113236/runs/granite_s512_latest_acceptance_20260707_204801/relayout_enabled_pinned_fms/block_prefill/cache/inductor-spyre/sdsc_fused__scaled_dot_product_fused_attention_overrideable__unsafe_view_clone_expand_mul_split_with_sizes_sum_transpose_unsqueeze_view_1_tqe8_9v8/sdsc_2.json,2_mul,mul,32,1_Tensor1,OUTPUT,hbm+lx,"layout=mb,out,x; stick=out; stick_size=[64]",-0x41,mb=core_id out=0 x=0,"all [[-1,0,0,0]]"
/home/adnan-cdx/codex-isolated/gather_restickify_clean_20260706_113236/runs/granite_s512_latest_acceptance_20260707_204801/relayout_enabled_pinned_fms/block_prefill/cache/inductor-spyre/sdsc_fused__scaled_dot_product_fused_attention_overrideable__unsafe_view_clone_expand_mul_split_with_sizes_sum_transpose_unsqueeze_view_1_tqe8_9v8/sdsc_2.json,2_mul,mul,32,2_Tensor2,OUTPUT,hbm+lx,"layout=mb,out,x; stick=out; stick_size=[64]",-0x61..-0x42 (32 unique),mb=core_id out=0 x=0,"all [[-1,0,0,0]]"
/home/adnan-cdx/codex-isolated/gather_restickify_clean_20260706_113236/runs/granite_s512_latest_acceptance_20260707_204801/relayout_enabled_pinned_fms/block_prefill/cache/inductor-spyre/sdsc_fused__scaled_dot_product_fused_attention_overrideable__unsafe_view_clone_expand_mul_split_with_sizes_sum_transpose_unsqueeze_view_1_tqe8_9v8/sdsc_3.json,3_mul,mul,32,0_Tensor0,OUTPUT,hbm+lx,"layout=out,y,mb,i,x; stick=i; stick_size=[64]",-0x81..-0x62 (32 unique),i=0 mb=core_id out=0 x=0 y=0,"all [[-1,0,0,0]]"
/home/adnan-cdx/codex-isolated/gather_restickify_clean_20260706_113236/runs/granite_s512_latest_acceptance_20260707_204801/relayout_enabled_pinned_fms/block_prefill/cache/inductor-spyre/sdsc_fused__scaled_dot_product_fused_attention_overrideable__unsafe_view_clone_expand_mul_split_with_sizes_sum_transpose_unsqueeze_view_1_tqe8_9v8/sdsc_3.json,3_mul,mul,32,1_Tensor1,OUTPUT,hbm+lx,"layout=out,y,mb,i,x; stick=i; stick_size=[64]",-0xa2..-0x83 (32 unique),i=0 mb=core_id out=0 x=0 y=0,"all [[-1,0,0,0]]"
/home/adnan-cdx/codex-isolated/gather_restickify_clean_20260706_113236/runs/granite_s512_latest_acceptance_20260707_204801/relayout_enabled_pinned_fms/block_prefill/cache/inductor-spyre/sdsc_fused__scaled_dot_product_fused_attention_overrideable__unsafe_view_clone_expand_mul_split_with_sizes_sum_transpose_unsqueeze_view_1_tqe8_9v8/sdsc_3.json,3_mul,mul,32,2_Tensor2,OUTPUT,lx,"layout=out,y,mb,i,x; stick=i; stick_size=[64]",0x0,i=0 mb=core_id out=0 x=0 y=0,"all [[-1,0,0,0]]"
/home/adnan-cdx/codex-isolated/gather_restickify_clean_20260706_113236/runs/granite_s512_latest_acceptance_20260707_204801/relayout_enabled_pinned_fms/block_prefill/cache/inductor-spyre/sdsc_fused__scaled_dot_product_fused_attention_overrideable__unsafe_view_clone_expand_mul_split_with_sizes_sum_transpose_unsqueeze_view_1_tqe8_9v8/sdsc_4.json,4_sumnonstick,sumnonstick,32,0_Tensor0,OUTPUT,lx,"layout=mb,out,y,x,i; stick=i; stick_size=[64]",0x0,i=0 mb=core_id out=0 x=0 y=0,"all [[-1,0,0,0]]"
/home/adnan-cdx/codex-isolated/gather_restickify_clean_20260706_113236/runs/granite_s512_latest_acceptance_20260707_204801/relayout_enabled_pinned_fms/block_prefill/cache/inductor-spyre/sdsc_fused__scaled_dot_product_fused_attention_overrideable__unsafe_view_clone_expand_mul_split_with_sizes_sum_transpose_unsqueeze_view_1_tqe8_9v8/sdsc_4.json,4_sumnonstick,sumnonstick,32,1_Tensor1,OUTPUT,hbm+lx,"layout=mb,out,y,x,i; stick=i; stick_size=[64]",-0xc2..-0xa3 (32 unique),i=0 mb=core_id out=0 x=0 y=0,"all [[-1,0,0,0]]"
/home/adnan-cdx/codex-isolated/gather_restickify_clean_20260706_113236/runs/granite_s512_latest_acceptance_20260707_204801/relayout_enabled_pinned_fms/block_prefill/cache/inductor-spyre/sdsc_fused__scaled_dot_product_fused_attention_overrideable__unsafe_view_clone_expand_mul_split_with_sizes_sum_transpose_unsqueeze_view_1_tqe8_9v8/sdsc_5.json,5_identity,identity,32,0_Tensor0,OUTPUT,hbm+lx,"layout=y,out,mb,x; stick=out; stick_size=[64]",-0xe2..-0xc3 (32 unique),mb=0 out=0 x=0 y=core_id,"all [[-1,0,0,0]]"
/home/adnan-cdx/codex-isolated/gather_restickify_clean_20260706_113236/runs/granite_s512_latest_acceptance_20260707_204801/relayout_enabled_pinned_fms/block_prefill/cache/inductor-spyre/sdsc_fused__scaled_dot_product_fused_attention_overrideable__unsafe_view_clone_expand_mul_split_with_sizes_sum_transpose_unsqueeze_view_1_tqe8_9v8/sdsc_5.json,5_identity,identity,32,1_Tensor1,OUTPUT,lx,"layout=y,out,mb,x; stick=out; stick_size=[64]",0x0,mb=0 out=0 x=0 y=core_id,"all [[-1,0,0,0]]"
/home/adnan-cdx/codex-isolated/gather_restickify_clean_20260706_113236/runs/granite_s512_latest_acceptance_20260707_204801/relayout_enabled_pinned_fms/block_prefill/cache/inductor-spyre/sdsc_fused__scaled_dot_product_fused_attention_overrideable__unsafe_view_clone_expand_mul_split_with_sizes_sum_transpose_unsqueeze_view_1_tqe8_9v8/sdsc_6.json,6_mul,mul,32,0_Tensor0,OUTPUT,lx,"layout=out,x,mb; stick=out; stick_size=[64]",0x0,mb=0 out=0 x=core_id,"all [[-1,0,0,0]]"
/home/adnan-cdx/codex-isolated/gather_restickify_clean_20260706_113236/runs/granite_s512_latest_acceptance_20260707_204801/relayout_enabled_pinned_fms/block_prefill/cache/inductor-spyre/sdsc_fused__scaled_dot_product_fused_attention_overrideable__unsafe_view_clone_expand_mul_split_with_sizes_sum_transpose_unsqueeze_view_1_tqe8_9v8/sdsc_6.json,6_mul,mul,32,1_Tensor1,OUTPUT,hbm+lx,"layout=out,x,mb; stick=out; stick_size=[64]",-0xe3,mb=0 out=0 x=core_id,"all [[-1,0,0,0]]"
/home/adnan-cdx/codex-isolated/gather_restickify_clean_20260706_113236/runs/granite_s512_latest_acceptance_20260707_204801/relayout_enabled_pinned_fms/block_prefill/cache/inductor-spyre/sdsc_fused__scaled_dot_product_fused_attention_overrideable__unsafe_view_clone_expand_mul_split_with_sizes_sum_transpose_unsqueeze_view_1_tqe8_9v8/sdsc_6.json,6_mul,mul,32,2_Tensor2,OUTPUT,lx,"layout=out,x,mb; stick=out; stick_size=[64]",0x20000,mb=0 out=0 x=core_id,"all [[-1,0,0,0]]"
/home/adnan-cdx/codex-isolated/gather_restickify_clean_20260706_113236/runs/granite_s512_latest_acceptance_20260707_204801/relayout_enabled_pinned_fms/block_prefill/cache/inductor-spyre/sdsc_fused__scaled_dot_product_fused_attention_overrideable__unsafe_view_clone_expand_mul_split_with_sizes_sum_transpose_unsqueeze_view_1_tqe8_9v8/sdsc_7.json,7_ReStickifyOpHBM,ReStickifyOpHBM,32,0_Tensor0,OUTPUT,lx,"layout=mb,out,x; stick=out; stick_size=[64]",0x20000,mb=core_id out=0 x=0,"all [[-1,0,0,0]]"
/home/adnan-cdx/codex-isolated/gather_restickify_clean_20260706_113236/runs/granite_s512_latest_acceptance_20260707_204801/relayout_enabled_pinned_fms/block_prefill/cache/inductor-spyre/sdsc_fused__scaled_dot_product_fused_attention_overrideable__unsafe_view_clone_expand_mul_split_with_sizes_sum_transpose_unsqueeze_view_1_tqe8_9v8/sdsc_7.json,7_ReStickifyOpHBM,ReStickifyOpHBM,32,1_Tensor1,KERNEL,hbm+lx,"layout=mb,x,out; stick=x; stick_size=[64]",-0x103..-0xe4 (32 unique),mb=core_id out=0 x=0,"all [[-1,0,0,0]]"
/home/adnan-cdx/codex-isolated/gather_restickify_clean_20260706_113236/runs/granite_s512_latest_acceptance_20260707_204801/relayout_enabled_pinned_fms/block_prefill/cache/inductor-spyre/sdsc_fused__scaled_dot_product_fused_attention_overrideable__unsafe_view_clone_expand_mul_split_with_sizes_sum_transpose_unsqueeze_view_1_tqe8_9v8/sdsc_8.json,8_batchmatmul,batchmatmul,32,0_Tensor0,INPUT,hbm+lx,"layout=mb,in,x; stick=in; stick_size=[64]",-0x113..-0x104 (16 unique),in=0 mb=0 out=0:1 (2 unique) x=0:15 (16 unique),"all [[-1,0,0,0]]"
/home/adnan-cdx/codex-isolated/gather_restickify_clean_20260706_113236/runs/granite_s512_latest_acceptance_20260707_204801/relayout_enabled_pinned_fms/block_prefill/cache/inductor-spyre/sdsc_fused__scaled_dot_product_fused_attention_overrideable__unsafe_view_clone_expand_mul_split_with_sizes_sum_transpose_unsqueeze_view_1_tqe8_9v8/sdsc_8.json,8_batchmatmul,batchmatmul,32,1_Tensor1,KERNEL,hbm+lx,"layout=mb,out,in; stick=out; stick_size=[64]",-0x115..-0x114 (2 unique),in=0 mb=0 out=0:1 (2 unique) x=0:15 (16 unique),"all [[-1,0,0,0]]"
/home/adnan-cdx/codex-isolated/gather_restickify_clean_20260706_113236/runs/granite_s512_latest_acceptance_20260707_204801/relayout_enabled_pinned_fms/block_prefill/cache/inductor-spyre/sdsc_fused__scaled_dot_product_fused_attention_overrideable__unsafe_view_clone_expand_mul_split_with_sizes_sum_transpose_unsqueeze_view_1_tqe8_9v8/sdsc_8.json,8_batchmatmul,batchmatmul,32,2_Tensor2,OUTPUT,lx,"layout=out,x,mb; stick=out; stick_size=[64]",0x0,in=0 mb=0 out=0:1 (2 unique) x=0:15 (16 unique),"all [[-1,0,0,0]]"
/home/adnan-cdx/codex-isolated/gather_restickify_clean_20260706_113236/runs/granite_s512_latest_acceptance_20260707_204801/relayout_enabled_pinned_fms/block_prefill/cache/inductor-spyre/sdsc_fused__scaled_dot_product_fused_attention_overrideable__unsafe_view_clone_expand_mul_split_with_sizes_sum_transpose_unsqueeze_view_1_tqe8_9v8/sdsc_9.json,9_add,add,32,0_Tensor0,OUTPUT,lx,"layout=out,x,mb; stick=out; stick_size=[64]",0x0,mb=0 out=0 x=core_id,"all [[-1,0,0,0]]"
/home/adnan-cdx/codex-isolated/gather_restickify_clean_20260706_113236/runs/granite_s512_latest_acceptance_20260707_204801/relayout_enabled_pinned_fms/block_prefill/cache/inductor-spyre/sdsc_fused__scaled_dot_product_fused_attention_overrideable__unsafe_view_clone_expand_mul_split_with_sizes_sum_transpose_unsqueeze_view_1_tqe8_9v8/sdsc_9.json,9_add,add,32,1_Tensor1,OUTPUT,hbm+lx,"layout=out,x,mb; stick=out; stick_size=[64]",-0x135..-0x116 (32 unique),mb=0 out=0 x=core_id,"all [[-1,0,0,0]]"
/home/adnan-cdx/codex-isolated/gather_restickify_clean_20260706_113236/runs/granite_s512_latest_acceptance_20260707_204801/relayout_enabled_pinned_fms/block_prefill/cache/inductor-spyre/sdsc_fused__scaled_dot_product_fused_attention_overrideable__unsafe_view_clone_expand_mul_split_with_sizes_sum_transpose_unsqueeze_view_1_tqe8_9v8/sdsc_9.json,9_add,add,32,2_Tensor2,OUTPUT,lx,"layout=out,x,mb; stick=out; stick_size=[64]",0x80000,mb=0 out=0 x=core_id,"all [[-1,0,0,0]]"
/home/adnan-cdx/codex-isolated/gather_restickify_clean_20260706_113236/runs/granite_s512_latest_acceptance_20260707_204801/relayout_enabled_pinned_fms/block_prefill/cache/inductor-spyre/sdsc_fused__scaled_dot_product_fused_attention_overrideable_add_linear_mul_rms_norm_transpose_view_2_c5gbcdx9/sdsc_0.json,0_ReStickifyOpHBM,ReStickifyOpHBM,32,0_Tensor0,OUTPUT,hbm+lx,"layout=mb,out; stick=out; stick_size=[64]",-0x20..-0x1 (32 unique),mb=core_id out=0,"all [[-1,0,0,0]]"
/home/adnan-cdx/codex-isolated/gather_restickify_clean_20260706_113236/runs/granite_s512_latest_acceptance_20260707_204801/relayout_enabled_pinned_fms/block_prefill/cache/inductor-spyre/sdsc_fused__scaled_dot_product_fused_attention_overrideable_add_linear_mul_rms_norm_transpose_view_2_c5gbcdx9/sdsc_0.json,0_ReStickifyOpHBM,ReStickifyOpHBM,32,1_Tensor1,KERNEL,hbm+lx,"layout=out,mb; stick=mb; stick_size=[64]",-0x40..-0x21 (32 unique),mb=core_id out=0,"all [[-1,0,0,0]]"
/home/adnan-cdx/codex-isolated/gather_restickify_clean_20260706_113236/runs/granite_s512_latest_acceptance_20260707_204801/relayout_enabled_pinned_fms/block_prefill/cache/inductor-spyre/sdsc_fused__scaled_dot_product_fused_attention_overrideable_add_linear_mul_rms_norm_transpose_view_2_c5gbcdx9/sdsc_1.json,1_batchmatmul,batchmatmul,32,0_Tensor0,INPUT,hbm+lx,"layout=in,mb; stick=in; stick_size=[64]",-0x44..-0x41 (4 unique),in=0 mb=0:3 (4 unique) out=0:7 (8 unique),"all [[-1,0,0,0]]"
/home/adnan-cdx/codex-isolated/gather_restickify_clean_20260706_113236/runs/granite_s512_latest_acceptance_20260707_204801/relayout_enabled_pinned_fms/block_prefill/cache/inductor-spyre/sdsc_fused__scaled_dot_product_fused_attention_overrideable_add_linear_mul_rms_norm_transpose_view_2_c5gbcdx9/sdsc_1.json,1_batchmatmul,batchmatmul,32,1_Tensor1,KERNEL,hbm+lx,"layout=in,out; stick=out; stick_size=[64]",-0x4c..-0x45 (8 unique),in=0 mb=0:3 (4 unique) out=0:7 (8 unique),"all [[-1,0,0,0]]"
/home/adnan-cdx/codex-isolated/gather_restickify_clean_20260706_113236/runs/granite_s512_latest_acceptance_20260707_204801/relayout_enabled_pinned_fms/block_prefill/cache/inductor-spyre/sdsc_fused__scaled_dot_product_fused_attention_overrideable_add_linear_mul_rms_norm_transpose_view_2_c5gbcdx9/sdsc_1.json,1_batchmatmul,batchmatmul,32,2_Tensor2,OUTPUT,lx,"layout=out,mb; stick=out; stick_size=[64]",0x0,in=0 mb=0:3 (4 unique) out=0:7 (8 unique),"all [[-1,0,0,0]]"
/home/adnan-cdx/codex-isolated/gather_restickify_clean_20260706_113236/runs/granite_s512_latest_acceptance_20260707_204801/relayout_enabled_pinned_fms/block_prefill/cache/inductor-spyre/sdsc_fused__scaled_dot_product_fused_attention_overrideable_add_linear_mul_rms_norm_transpose_view_2_c5gbcdx9/sdsc_2.json,2_mul,mul,32,0_Tensor0,OUTPUT,lx,"layout=out,mb; stick=out; stick_size=[64]",0x0,mb=core_id out=0,"all [[-1,0,0,0]]"
/home/adnan-cdx/codex-isolated/gather_restickify_clean_20260706_113236/runs/granite_s512_latest_acceptance_20260707_204801/relayout_enabled_pinned_fms/block_prefill/cache/inductor-spyre/sdsc_fused__scaled_dot_product_fused_attention_overrideable_add_linear_mul_rms_norm_transpose_view_2_c5gbcdx9/sdsc_2.json,2_mul,mul,32,1_Tensor1,OUTPUT,hbm+lx,"layout=out,mb; stick=out; stick_size=[64]",-0x4d,mb=core_id out=0,"all [[-1,0,0,0]]"
/home/adnan-cdx/codex-isolated/gather_restickify_clean_20260706_113236/runs/granite_s512_latest_acceptance_20260707_204801/relayout_enabled_pinned_fms/block_prefill/cache/inductor-spyre/sdsc_fused__scaled_dot_product_fused_attention_overrideable_add_linear_mul_rms_norm_transpose_view_2_c5gbcdx9/sdsc_2.json,2_mul,mul,32,2_Tensor2,OUTPUT,lx,"layout=out,mb; stick=out; stick_size=[64]",0x0,mb=core_id out=0,"all [[-1,0,0,0]]"
/home/adnan-cdx/codex-isolated/gather_restickify_clean_20260706_113236/runs/granite_s512_latest_acceptance_20260707_204801/relayout_enabled_pinned_fms/block_prefill/cache/inductor-spyre/sdsc_fused__scaled_dot_product_fused_attention_overrideable_add_linear_mul_rms_norm_transpose_view_2_c5gbcdx9/sdsc_3.json,3_add,add,32,0_Tensor0,OUTPUT,lx,"layout=out,mb; stick=out; stick_size=[64]",0x0,mb=core_id out=0,"all [[-1,0,0,0]]"
/home/adnan-cdx/codex-isolated/gather_restickify_clean_20260706_113236/runs/granite_s512_latest_acceptance_20260707_204801/relayout_enabled_pinned_fms/block_prefill/cache/inductor-spyre/sdsc_fused__scaled_dot_product_fused_attention_overrideable_add_linear_mul_rms_norm_transpose_view_2_c5gbcdx9/sdsc_3.json,3_add,add,32,1_Tensor1,OUTPUT,hbm+lx,"layout=out,mb; stick=out; stick_size=[64]",-0x6d..-0x4e (32 unique),mb=core_id out=0,"all [[-1,0,0,0]]"
/home/adnan-cdx/codex-isolated/gather_restickify_clean_20260706_113236/runs/granite_s512_latest_acceptance_20260707_204801/relayout_enabled_pinned_fms/block_prefill/cache/inductor-spyre/sdsc_fused__scaled_dot_product_fused_attention_overrideable_add_linear_mul_rms_norm_transpose_view_2_c5gbcdx9/sdsc_3.json,3_add,add,32,2_Tensor2,OUTPUT,lx,"layout=out,mb; stick=out; stick_size=[64]",0x0,mb=core_id out=0,"all [[-1,0,0,0]]"
/home/adnan-cdx/codex-isolated/gather_restickify_clean_20260706_113236/runs/granite_s512_latest_acceptance_20260707_204801/relayout_enabled_pinned_fms/block_prefill/cache/inductor-spyre/sdsc_fused__scaled_dot_product_fused_attention_overrideable_add_linear_mul_rms_norm_transpose_view_2_c5gbcdx9/sdsc_4.json,4_mul,mul,32,0_Tensor0,OUTPUT,lx,"layout=out,mb; stick=out; stick_size=[64]",0x0,mb=core_id out=0,"all [[-1,0,0,0]]"
/home/adnan-cdx/codex-isolated/gather_restickify_clean_20260706_113236/runs/granite_s512_latest_acceptance_20260707_204801/relayout_enabled_pinned_fms/block_prefill/cache/inductor-spyre/sdsc_fused__scaled_dot_product_fused_attention_overrideable_add_linear_mul_rms_norm_transpose_view_2_c5gbcdx9/sdsc_4.json,4_mul,mul,32,1_Tensor1,OUTPUT,lx,"layout=out,mb; stick=out; stick_size=[64]",0x0,mb=core_id out=0,"all [[-1,0,0,0]]"
/home/adnan-cdx/codex-isolated/gather_restickify_clean_20260706_113236/runs/granite_s512_latest_acceptance_20260707_204801/relayout_enabled_pinned_fms/block_prefill/cache/inductor-spyre/sdsc_fused__scaled_dot_product_fused_attention_overrideable_add_linear_mul_rms_norm_transpose_view_2_c5gbcdx9/sdsc_4.json,4_mul,mul,32,2_Tensor2,OUTPUT,lx,"layout=out,mb; stick=out; stick_size=[64]",0x20000,mb=core_id out=0,"all [[-1,0,0,0]]"
/home/adnan-cdx/codex-isolated/gather_restickify_clean_20260706_113236/runs/granite_s512_latest_acceptance_20260707_204801/relayout_enabled_pinned_fms/block_prefill/cache/inductor-spyre/sdsc_fused__scaled_dot_product_fused_attention_overrideable_add_linear_mul_rms_norm_transpose_view_2_c5gbcdx9/sdsc_5.json,5_mean,mean,32,0_Tensor0,OUTPUT,lx,"layout=out,mb; stick=out; stick_size=[64]",0x20000,mb=core_id out=0,"all [[-1,0,0,0]]"
/home/adnan-cdx/codex-isolated/gather_restickify_clean_20260706_113236/runs/granite_s512_latest_acceptance_20260707_204801/relayout_enabled_pinned_fms/block_prefill/cache/inductor-spyre/sdsc_fused__scaled_dot_product_fused_attention_overrideable_add_linear_mul_rms_norm_transpose_view_2_c5gbcdx9/sdsc_5.json,5_mean,mean,32,1_Tensor1,OUTPUT,lx,"layout=out,mb; stick=out; stick_size=[64]",0x40000,mb=core_id out=0,"all [[-1,0,0,0]]"
/home/adnan-cdx/codex-isolated/gather_restickify_clean_20260706_113236/runs/granite_s512_latest_acceptance_20260707_204801/relayout_enabled_pinned_fms/block_prefill/cache/inductor-spyre/sdsc_fused__scaled_dot_product_fused_attention_overrideable_add_linear_mul_rms_norm_transpose_view_2_c5gbcdx9/sdsc_6.json,6_add,add,32,0_Tensor0,OUTPUT,lx,"layout=out,x; stick=x; stick_size=[64]",0x40000,out=core_id x=0,"all [[-1,0,0,0]]"
/home/adnan-cdx/codex-isolated/gather_restickify_clean_20260706_113236/runs/granite_s512_latest_acceptance_20260707_204801/relayout_enabled_pinned_fms/block_prefill/cache/inductor-spyre/sdsc_fused__scaled_dot_product_fused_attention_overrideable_add_linear_mul_rms_norm_transpose_view_2_c5gbcdx9/sdsc_6.json,6_add,add,32,1_Tensor1,OUTPUT,hbm+lx,"layout=out,x; stick=x; stick_size=[64]",-0x6e,out=core_id x=0,"all [[-1,0,0,0]]"
/home/adnan-cdx/codex-isolated/gather_restickify_clean_20260706_113236/runs/granite_s512_latest_acceptance_20260707_204801/relayout_enabled_pinned_fms/block_prefill/cache/inductor-spyre/sdsc_fused__scaled_dot_product_fused_attention_overrideable_add_linear_mul_rms_norm_transpose_view_2_c5gbcdx9/sdsc_6.json,6_add,add,32,2_Tensor2,OUTPUT,lx,"layout=out,x; stick=x; stick_size=[64]",0x40000,out=core_id x=0,"all [[-1,0,0,0]]"
/home/adnan-cdx/codex-isolated/gather_restickify_clean_20260706_113236/runs/granite_s512_latest_acceptance_20260707_204801/relayout_enabled_pinned_fms/block_prefill/cache/inductor-spyre/sdsc_fused__scaled_dot_product_fused_attention_overrideable_add_linear_mul_rms_norm_transpose_view_2_c5gbcdx9/sdsc_7.json,7_rsqrt,rsqrt,32,0_Tensor0,OUTPUT,lx,"layout=out,x; stick=x; stick_size=[64]",0x40000,out=core_id x=0,"all [[-1,0,0,0]]"
/home/adnan-cdx/codex-isolated/gather_restickify_clean_20260706_113236/runs/granite_s512_latest_acceptance_20260707_204801/relayout_enabled_pinned_fms/block_prefill/cache/inductor-spyre/sdsc_fused__scaled_dot_product_fused_attention_overrideable_add_linear_mul_rms_norm_transpose_view_2_c5gbcdx9/sdsc_7.json,7_rsqrt,rsqrt,32,1_Tensor1,OUTPUT,lx,"layout=out,x; stick=x; stick_size=[64]",0x40000,out=core_id x=0,"all [[-1,0,0,0]]"
/home/adnan-cdx/codex-isolated/gather_restickify_clean_20260706_113236/runs/granite_s512_latest_acceptance_20260707_204801/relayout_enabled_pinned_fms/block_prefill/cache/inductor-spyre/sdsc_fused__scaled_dot_product_fused_attention_overrideable_add_linear_mul_rms_norm_transpose_view_2_c5gbcdx9/sdsc_8.json,8_mul,mul,32,0_Tensor0,OUTPUT,lx,"layout=out,mb; stick=out; stick_size=[64]",0x0,mb=core_id out=0,"all [[-1,0,0,0]]"
/home/adnan-cdx/codex-isolated/gather_restickify_clean_20260706_113236/runs/granite_s512_latest_acceptance_20260707_204801/relayout_enabled_pinned_fms/block_prefill/cache/inductor-spyre/sdsc_fused__scaled_dot_product_fused_attention_overrideable_add_linear_mul_rms_norm_transpose_view_2_c5gbcdx9/sdsc_8.json,8_mul,mul,32,1_Tensor1,OUTPUT,lx,"layout=out,mb; stick=out; stick_size=[64]",0x40000,mb=core_id out=0,"all [[-1,0,0,0]]"
/home/adnan-cdx/codex-isolated/gather_restickify_clean_20260706_113236/runs/granite_s512_latest_acceptance_20260707_204801/relayout_enabled_pinned_fms/block_prefill/cache/inductor-spyre/sdsc_fused__scaled_dot_product_fused_attention_overrideable_add_linear_mul_rms_norm_transpose_view_2_c5gbcdx9/sdsc_8.json,8_mul,mul,32,2_Tensor2,OUTPUT,lx,"layout=out,mb; stick=out; stick_size=[64]",0x40800,mb=core_id out=0,"all [[-1,0,0,0]]"
/home/adnan-cdx/codex-isolated/gather_restickify_clean_20260706_113236/runs/granite_s512_latest_acceptance_20260707_204801/relayout_enabled_pinned_fms/block_prefill/cache/inductor-spyre/sdsc_fused__scaled_dot_product_fused_attention_overrideable_add_linear_mul_rms_norm_transpose_view_2_c5gbcdx9/sdsc_9.json,9_mul,mul,32,0_Tensor0,OUTPUT,lx,"layout=mb,out; stick=out; stick_size=[64]",0x40800,mb=core_id out=0,"all [[-1,0,0,0]]"
/home/adnan-cdx/codex-isolated/gather_restickify_clean_20260706_113236/runs/granite_s512_latest_acceptance_20260707_204801/relayout_enabled_pinned_fms/block_prefill/cache/inductor-spyre/sdsc_fused__scaled_dot_product_fused_attention_overrideable_add_linear_mul_rms_norm_transpose_view_2_c5gbcdx9/sdsc_9.json,9_mul,mul,32,1_Tensor1,OUTPUT,hbm+lx,"layout=mb,out; stick=out; stick_size=[64]",-0x6f,mb=core_id out=0,"all [[-1,0,0,0]]"
/home/adnan-cdx/codex-isolated/gather_restickify_clean_20260706_113236/runs/granite_s512_latest_acceptance_20260707_204801/relayout_enabled_pinned_fms/block_prefill/cache/inductor-spyre/sdsc_fused__scaled_dot_product_fused_attention_overrideable_add_linear_mul_rms_norm_transpose_view_2_c5gbcdx9/sdsc_9.json,9_mul,mul,32,2_Tensor2,OUTPUT,hbm+lx,"layout=mb,out; stick=out; stick_size=[64]",-0x8f..-0x70 (32 unique),mb=core_id out=0,"all [[-1,0,0,0]]"
/home/adnan-cdx/codex-isolated/gather_restickify_clean_20260706_113236/runs/granite_s512_latest_acceptance_20260707_204801/relayout_enabled_pinned_fms/block_prefill/cache/inductor-spyre/sdsc_fused_add_linear_mul_silu_split_with_sizes_3_ruoowgn0/sdsc_0.json,0_ReStickifyOpHBM,ReStickifyOpHBM,25,0_Tensor0,OUTPUT,hbm+lx,"layout=mb,out; stick=out; stick_size=[64]",-0x19..-0x1 (25 unique),mb=core_id out=0,"all [[-1,0,0,0]]"
/home/adnan-cdx/codex-isolated/gather_restickify_clean_20260706_113236/runs/granite_s512_latest_acceptance_20260707_204801/relayout_enabled_pinned_fms/block_prefill/cache/inductor-spyre/sdsc_fused_add_linear_mul_silu_split_with_sizes_3_ruoowgn0/sdsc_0.json,0_ReStickifyOpHBM,ReStickifyOpHBM,25,1_Tensor1,KERNEL,hbm+lx,"layout=out,mb; stick=mb; stick_size=[64]",-0x32..-0x1a (25 unique),mb=core_id out=0,"all [[-1,0,0,0]]"
/home/adnan-cdx/codex-isolated/gather_restickify_clean_20260706_113236/runs/granite_s512_latest_acceptance_20260707_204801/relayout_enabled_pinned_fms/block_prefill/cache/inductor-spyre/sdsc_fused_add_linear_mul_silu_split_with_sizes_3_ruoowgn0/sdsc_1.json,1_batchmatmul,batchmatmul,32,0_Tensor0,INPUT,hbm+lx,"layout=mb,in; stick=in; stick_size=[64]",-0x36..-0x33 (4 unique),in=0 mb=0:3 (4 unique) out=0:7 (8 unique),"all [[-1,0,0,0]]"
/home/adnan-cdx/codex-isolated/gather_restickify_clean_20260706_113236/runs/granite_s512_latest_acceptance_20260707_204801/relayout_enabled_pinned_fms/block_prefill/cache/inductor-spyre/sdsc_fused_add_linear_mul_silu_split_with_sizes_3_ruoowgn0/sdsc_1.json,1_batchmatmul,batchmatmul,32,1_Tensor1,KERNEL,hbm+lx,"layout=in,out; stick=out; stick_size=[64]",-0x3e..-0x37 (8 unique),in=0 mb=0:3 (4 unique) out=0:7 (8 unique),"all [[-1,0,0,0]]"
/home/adnan-cdx/codex-isolated/gather_restickify_clean_20260706_113236/runs/granite_s512_latest_acceptance_20260707_204801/relayout_enabled_pinned_fms/block_prefill/cache/inductor-spyre/sdsc_fused_add_linear_mul_silu_split_with_sizes_3_ruoowgn0/sdsc_1.json,1_batchmatmul,batchmatmul,32,2_Tensor2,OUTPUT,hbm+lx,"layout=out,mb; stick=out; stick_size=[64]",-0x5e..-0x3f (32 unique),in=0 mb=0:3 (4 unique) out=0:7 (8 unique),"all [[-1,0,0,0]]"
/home/adnan-cdx/codex-isolated/gather_restickify_clean_20260706_113236/runs/granite_s512_latest_acceptance_20260707_204801/relayout_enabled_pinned_fms/block_prefill/cache/inductor-spyre/sdsc_fused_add_linear_mul_silu_split_with_sizes_3_ruoowgn0/sdsc_2.json,2_silu,silu,32,0_Tensor0,OUTPUT,hbm+lx,"layout=out,mb; stick=out; stick_size=[64]",-0x7e..-0x5f (32 unique),mb=core_id out=0,"all [[-1,0,0,0]]"
/home/adnan-cdx/codex-isolated/gather_restickify_clean_20260706_113236/runs/granite_s512_latest_acceptance_20260707_204801/relayout_enabled_pinned_fms/block_prefill/cache/inductor-spyre/sdsc_fused_add_linear_mul_silu_split_with_sizes_3_ruoowgn0/sdsc_2.json,2_silu,silu,32,1_Tensor1,OUTPUT,lx,"layout=out,mb; stick=out; stick_size=[64]",0x20000,mb=core_id out=0,"all [[-1,0,0,0]]"
/home/adnan-cdx/codex-isolated/gather_restickify_clean_20260706_113236/runs/granite_s512_latest_acceptance_20260707_204801/relayout_enabled_pinned_fms/block_prefill/cache/inductor-spyre/sdsc_fused_add_linear_mul_silu_split_with_sizes_3_ruoowgn0/sdsc_3.json,3_mul,mul,32,0_Tensor0,OUTPUT,lx,"layout=mb,out; stick=out; stick_size=[64]",0x20000,mb=core_id out=0,"all [[-1,0,0,0]]"
/home/adnan-cdx/codex-isolated/gather_restickify_clean_20260706_113236/runs/granite_s512_latest_acceptance_20260707_204801/relayout_enabled_pinned_fms/block_prefill/cache/inductor-spyre/sdsc_fused_add_linear_mul_silu_split_with_sizes_3_ruoowgn0/sdsc_3.json,3_mul,mul,32,1_Tensor1,OUTPUT,hbm+lx,"layout=mb,out; stick=out; stick_size=[64]",-0x9e..-0x7f (32 unique),mb=core_id out=0,"all [[-1,0,0,0]]"
/home/adnan-cdx/codex-isolated/gather_restickify_clean_20260706_113236/runs/granite_s512_latest_acceptance_20260707_204801/relayout_enabled_pinned_fms/block_prefill/cache/inductor-spyre/sdsc_fused_add_linear_mul_silu_split_with_sizes_3_ruoowgn0/sdsc_3.json,3_mul,mul,32,2_Tensor2,OUTPUT,hbm+lx,"layout=mb,out; stick=out; stick_size=[64]",-0xbe..-0x9f (32 unique),mb=core_id out=0,"all [[-1,0,0,0]]"
/home/adnan-cdx/codex-isolated/gather_restickify_clean_20260706_113236/runs/granite_s512_latest_acceptance_20260707_204801/relayout_enabled_pinned_fms/block_prefill/cache/inductor-spyre/sdsc_fused_add_linear_mul_silu_split_with_sizes_3_ruoowgn0/sdsc_4.json,4_ReStickifyOpHBM,ReStickifyOpHBM,25,0_Tensor0,OUTPUT,hbm+lx,"layout=mb,out; stick=out; stick_size=[64]",-0xd7..-0xbf (25 unique),mb=0 out=core_id,"all [[-1,0,0,0]]"
/home/adnan-cdx/codex-isolated/gather_restickify_clean_20260706_113236/runs/granite_s512_latest_acceptance_20260707_204801/relayout_enabled_pinned_fms/block_prefill/cache/inductor-spyre/sdsc_fused_add_linear_mul_silu_split_with_sizes_3_ruoowgn0/sdsc_4.json,4_ReStickifyOpHBM,ReStickifyOpHBM,25,1_Tensor1,KERNEL,hbm+lx,"layout=out,mb; stick=mb; stick_size=[64]",-0xf0..-0xd8 (25 unique),mb=0 out=core_id,"all [[-1,0,0,0]]"
/home/adnan-cdx/codex-isolated/gather_restickify_clean_20260706_113236/runs/granite_s512_latest_acceptance_20260707_204801/relayout_enabled_pinned_fms/block_prefill/cache/inductor-spyre/sdsc_fused_add_linear_mul_silu_split_with_sizes_3_ruoowgn0/sdsc_5.json,5_batchmatmul,batchmatmul,32,0_Tensor0,INPUT,hbm+lx,"layout=mb,in; stick=in; stick_size=[64]",-0xf8..-0xf1 (8 unique),in=0 mb=0:7 (8 unique) out=0:3 (4 unique),"all [[-1,0,0,0]]"
/home/adnan-cdx/codex-isolated/gather_restickify_clean_20260706_113236/runs/granite_s512_latest_acceptance_20260707_204801/relayout_enabled_pinned_fms/block_prefill/cache/inductor-spyre/sdsc_fused_add_linear_mul_silu_split_with_sizes_3_ruoowgn0/sdsc_5.json,5_batchmatmul,batchmatmul,32,1_Tensor1,KERNEL,hbm+lx,"layout=in,out; stick=out; stick_size=[64]",-0xfc..-0xf9 (4 unique),in=0 mb=0:7 (8 unique) out=0:3 (4 unique),"all [[-1,0,0,0]]"
/home/adnan-cdx/codex-isolated/gather_restickify_clean_20260706_113236/runs/granite_s512_latest_acceptance_20260707_204801/relayout_enabled_pinned_fms/block_prefill/cache/inductor-spyre/sdsc_fused_add_linear_mul_silu_split_with_sizes_3_ruoowgn0/sdsc_5.json,5_batchmatmul,batchmatmul,32,2_Tensor2,OUTPUT,lx,"layout=out,mb; stick=out; stick_size=[64]",0x20000,in=0 mb=0:7 (8 unique) out=0:3 (4 unique),"all [[-1,0,0,0]]"
/home/adnan-cdx/codex-isolated/gather_restickify_clean_20260706_113236/runs/granite_s512_latest_acceptance_20260707_204801/relayout_enabled_pinned_fms/block_prefill/cache/inductor-spyre/sdsc_fused_add_linear_mul_silu_split_with_sizes_3_ruoowgn0/sdsc_6.json,6_mul,mul,32,0_Tensor0,OUTPUT,lx,"layout=out,mb; stick=out; stick_size=[64]",0x20000,mb=core_id out=0,"all [[-1,0,0,0]]"
/home/adnan-cdx/codex-isolated/gather_restickify_clean_20260706_113236/runs/granite_s512_latest_acceptance_20260707_204801/relayout_enabled_pinned_fms/block_prefill/cache/inductor-spyre/sdsc_fused_add_linear_mul_silu_split_with_sizes_3_ruoowgn0/sdsc_6.json,6_mul,mul,32,1_Tensor1,OUTPUT,hbm+lx,"layout=out,mb; stick=out; stick_size=[64]",-0xfd,mb=core_id out=0,"all [[-1,0,0,0]]"
/home/adnan-cdx/codex-isolated/gather_restickify_clean_20260706_113236/runs/granite_s512_latest_acceptance_20260707_204801/relayout_enabled_pinned_fms/block_prefill/cache/inductor-spyre/sdsc_fused_add_linear_mul_silu_split_with_sizes_3_ruoowgn0/sdsc_6.json,6_mul,mul,32,2_Tensor2,OUTPUT,lx,"layout=out,mb; stick=out; stick_size=[64]",0x20000,mb=core_id out=0,"all [[-1,0,0,0]]"
/home/adnan-cdx/codex-isolated/gather_restickify_clean_20260706_113236/runs/granite_s512_latest_acceptance_20260707_204801/relayout_enabled_pinned_fms/block_prefill/cache/inductor-spyre/sdsc_fused_add_linear_mul_silu_split_with_sizes_3_ruoowgn0/sdsc_7.json,7_add,add,32,0_Tensor0,OUTPUT,lx,"layout=out,mb; stick=out; stick_size=[64]",0x20000,mb=core_id out=0,"all [[-1,0,0,0]]"
/home/adnan-cdx/codex-isolated/gather_restickify_clean_20260706_113236/runs/granite_s512_latest_acceptance_20260707_204801/relayout_enabled_pinned_fms/block_prefill/cache/inductor-spyre/sdsc_fused_add_linear_mul_silu_split_with_sizes_3_ruoowgn0/sdsc_7.json,7_add,add,32,1_Tensor1,OUTPUT,lx,"layout=out,mb; stick=out; stick_size=[64]",0x0,mb=core_id out=0,"all [[-1,0,0,0]]"
/home/adnan-cdx/codex-isolated/gather_restickify_clean_20260706_113236/runs/granite_s512_latest_acceptance_20260707_204801/relayout_enabled_pinned_fms/block_prefill/cache/inductor-spyre/sdsc_fused_add_linear_mul_silu_split_with_sizes_3_ruoowgn0/sdsc_7.json,7_add,add,32,2_Tensor2,OUTPUT,hbm+lx,"layout=out,mb; stick=out; stick_size=[64]",-0x11d..-0xfe (32 unique),mb=core_id out=0,"all [[-1,0,0,0]]"
/home/adnan-cdx/codex-isolated/gather_restickify_clean_20260706_113236/runs/granite_s512_latest_acceptance_20260707_204801/relayout_enabled_pinned_fms/block_prefill/cache/inductor-spyre/sdsc_fused_linear_rms_norm_0_uud_oq35/sdsc_0.json,0_mul,mul,32,0_Tensor0,OUTPUT,hbm+lx,"layout=out,mb; stick=out; stick_size=[64]",-0x20..-0x1 (32 unique),mb=core_id out=0,"all [[-1,0,0,0]]"
/home/adnan-cdx/codex-isolated/gather_restickify_clean_20260706_113236/runs/granite_s512_latest_acceptance_20260707_204801/relayout_enabled_pinned_fms/block_prefill/cache/inductor-spyre/sdsc_fused_linear_rms_norm_0_uud_oq35/sdsc_0.json,0_mul,mul,32,1_Tensor1,OUTPUT,hbm+lx,"layout=out,mb; stick=out; stick_size=[64]",-0x20..-0x1 (32 unique),mb=core_id out=0,"all [[-1,0,0,0]]"
/home/adnan-cdx/codex-isolated/gather_restickify_clean_20260706_113236/runs/granite_s512_latest_acceptance_20260707_204801/relayout_enabled_pinned_fms/block_prefill/cache/inductor-spyre/sdsc_fused_linear_rms_norm_0_uud_oq35/sdsc_0.json,0_mul,mul,32,2_Tensor2,OUTPUT,lx,"layout=out,mb; stick=out; stick_size=[64]",0x0,mb=core_id out=0,"all [[-1,0,0,0]]"
/home/adnan-cdx/codex-isolated/gather_restickify_clean_20260706_113236/runs/granite_s512_latest_acceptance_20260707_204801/relayout_enabled_pinned_fms/block_prefill/cache/inductor-spyre/sdsc_fused_linear_rms_norm_0_uud_oq35/sdsc_1.json,1_mean,mean,32,0_Tensor0,OUTPUT,lx,"layout=out,mb; stick=out; stick_size=[64]",0x0,mb=core_id out=0,"all [[-1,0,0,0]]"
/home/adnan-cdx/codex-isolated/gather_restickify_clean_20260706_113236/runs/granite_s512_latest_acceptance_20260707_204801/relayout_enabled_pinned_fms/block_prefill/cache/inductor-spyre/sdsc_fused_linear_rms_norm_0_uud_oq35/sdsc_1.json,1_mean,mean,32,1_Tensor1,OUTPUT,lx,"layout=out,mb; stick=out; stick_size=[64]",0x20000,mb=core_id out=0,"all [[-1,0,0,0]]"
/home/adnan-cdx/codex-isolated/gather_restickify_clean_20260706_113236/runs/granite_s512_latest_acceptance_20260707_204801/relayout_enabled_pinned_fms/block_prefill/cache/inductor-spyre/sdsc_fused_linear_rms_norm_0_uud_oq35/sdsc_2.json,2_add,add,32,0_Tensor0,OUTPUT,lx,"layout=out,x; stick=x; stick_size=[64]",0x20000,out=core_id x=0,"all [[-1,0,0,0]]"
/home/adnan-cdx/codex-isolated/gather_restickify_clean_20260706_113236/runs/granite_s512_latest_acceptance_20260707_204801/relayout_enabled_pinned_fms/block_prefill/cache/inductor-spyre/sdsc_fused_linear_rms_norm_0_uud_oq35/sdsc_2.json,2_add,add,32,1_Tensor1,OUTPUT,hbm+lx,"layout=out,x; stick=x; stick_size=[64]",-0x21,out=core_id x=0,"all [[-1,0,0,0]]"
/home/adnan-cdx/codex-isolated/gather_restickify_clean_20260706_113236/runs/granite_s512_latest_acceptance_20260707_204801/relayout_enabled_pinned_fms/block_prefill/cache/inductor-spyre/sdsc_fused_linear_rms_norm_0_uud_oq35/sdsc_2.json,2_add,add,32,2_Tensor2,OUTPUT,lx,"layout=out,x; stick=x; stick_size=[64]",0x20000,out=core_id x=0,"all [[-1,0,0,0]]"
/home/adnan-cdx/codex-isolated/gather_restickify_clean_20260706_113236/runs/granite_s512_latest_acceptance_20260707_204801/relayout_enabled_pinned_fms/block_prefill/cache/inductor-spyre/sdsc_fused_linear_rms_norm_0_uud_oq35/sdsc_3.json,3_rsqrt,rsqrt,32,0_Tensor0,OUTPUT,lx,"layout=out,x; stick=x; stick_size=[64]",0x20000,out=core_id x=0,"all [[-1,0,0,0]]"
/home/adnan-cdx/codex-isolated/gather_restickify_clean_20260706_113236/runs/granite_s512_latest_acceptance_20260707_204801/relayout_enabled_pinned_fms/block_prefill/cache/inductor-spyre/sdsc_fused_linear_rms_norm_0_uud_oq35/sdsc_3.json,3_rsqrt,rsqrt,32,1_Tensor1,OUTPUT,lx,"layout=out,x; stick=x; stick_size=[64]",0x20000,out=core_id x=0,"all [[-1,0,0,0]]"
/home/adnan-cdx/codex-isolated/gather_restickify_clean_20260706_113236/runs/granite_s512_latest_acceptance_20260707_204801/relayout_enabled_pinned_fms/block_prefill/cache/inductor-spyre/sdsc_fused_linear_rms_norm_0_uud_oq35/sdsc_4.json,4_mul,mul,32,0_Tensor0,OUTPUT,hbm+lx,"layout=out,mb; stick=out; stick_size=[64]",-0x41..-0x22 (32 unique),mb=core_id out=0,"all [[-1,0,0,0]]"
/home/adnan-cdx/codex-isolated/gather_restickify_clean_20260706_113236/runs/granite_s512_latest_acceptance_20260707_204801/relayout_enabled_pinned_fms/block_prefill/cache/inductor-spyre/sdsc_fused_linear_rms_norm_0_uud_oq35/sdsc_4.json,4_mul,mul,32,1_Tensor1,OUTPUT,lx,"layout=out,mb; stick=out; stick_size=[64]",0x20000,mb=core_id out=0,"all [[-1,0,0,0]]"
/home/adnan-cdx/codex-isolated/gather_restickify_clean_20260706_113236/runs/granite_s512_latest_acceptance_20260707_204801/relayout_enabled_pinned_fms/block_prefill/cache/inductor-spyre/sdsc_fused_linear_rms_norm_0_uud_oq35/sdsc_4.json,4_mul,mul,32,2_Tensor2,OUTPUT,lx,"layout=out,mb; stick=out; stick_size=[64]",0x0,mb=core_id out=0,"all [[-1,0,0,0]]"
/home/adnan-cdx/codex-isolated/gather_restickify_clean_20260706_113236/runs/granite_s512_latest_acceptance_20260707_204801/relayout_enabled_pinned_fms/block_prefill/cache/inductor-spyre/sdsc_fused_linear_rms_norm_0_uud_oq35/sdsc_5.json,5_mul,mul,32,0_Tensor0,OUTPUT,lx,"layout=mb,out; stick=out; stick_size=[64]",0x0,mb=core_id out=0,"all [[-1,0,0,0]]"
/home/adnan-cdx/codex-isolated/gather_restickify_clean_20260706_113236/runs/granite_s512_latest_acceptance_20260707_204801/relayout_enabled_pinned_fms/block_prefill/cache/inductor-spyre/sdsc_fused_linear_rms_norm_0_uud_oq35/sdsc_5.json,5_mul,mul,32,1_Tensor1,OUTPUT,hbm+lx,"layout=mb,out; stick=out; stick_size=[64]",-0x42,mb=core_id out=0,"all [[-1,0,0,0]]"
/home/adnan-cdx/codex-isolated/gather_restickify_clean_20260706_113236/runs/granite_s512_latest_acceptance_20260707_204801/relayout_enabled_pinned_fms/block_prefill/cache/inductor-spyre/sdsc_fused_linear_rms_norm_0_uud_oq35/sdsc_5.json,5_mul,mul,32,2_Tensor2,OUTPUT,hbm+lx,"layout=mb,out; stick=out; stick_size=[64]",-0x62..-0x43 (32 unique),mb=core_id out=0,"all [[-1,0,0,0]]"
/home/adnan-cdx/codex-isolated/gather_restickify_clean_20260706_113236/runs/granite_s512_latest_acceptance_20260707_204801/relayout_enabled_pinned_fms/block_prefill/cache/inductor-spyre/sdsc_fused_linear_rms_norm_0_uud_oq35/sdsc_6.json,6_ReStickifyOpHBM,ReStickifyOpHBM,32,0_Tensor0,OUTPUT,hbm+lx,"layout=mb,out; stick=out; stick_size=[64]",-0x82..-0x63 (32 unique),mb=core_id out=0,"all [[-1,0,0,0]]"
/home/adnan-cdx/codex-isolated/gather_restickify_clean_20260706_113236/runs/granite_s512_latest_acceptance_20260707_204801/relayout_enabled_pinned_fms/block_prefill/cache/inductor-spyre/sdsc_fused_linear_rms_norm_0_uud_oq35/sdsc_6.json,6_ReStickifyOpHBM,ReStickifyOpHBM,32,1_Tensor1,KERNEL,hbm+lx,"layout=out,mb; stick=mb; stick_size=[64]",-0xa2..-0x83 (32 unique),mb=core_id out=0,"all [[-1,0,0,0]]"
/home/adnan-cdx/codex-isolated/gather_restickify_clean_20260706_113236/runs/granite_s512_latest_acceptance_20260707_204801/relayout_enabled_pinned_fms/block_prefill/cache/inductor-spyre/sdsc_fused_linear_rms_norm_0_uud_oq35/sdsc_7.json,7_batchmatmul,batchmatmul,32,0_Tensor0,INPUT,hbm+lx,"layout=mb,in; stick=in; stick_size=[64]",-0xa6..-0xa3 (4 unique),in=0 mb=0:3 (4 unique) out=0:7 (8 unique),"all [[-1,0,0,0]]"
/home/adnan-cdx/codex-isolated/gather_restickify_clean_20260706_113236/runs/granite_s512_latest_acceptance_20260707_204801/relayout_enabled_pinned_fms/block_prefill/cache/inductor-spyre/sdsc_fused_linear_rms_norm_0_uud_oq35/sdsc_7.json,7_batchmatmul,batchmatmul,32,1_Tensor1,KERNEL,hbm+lx,"layout=in,out; stick=out; stick_size=[64]",-0xae..-0xa7 (8 unique),in=0 mb=0:3 (4 unique) out=0:7 (8 unique),"all [[-1,0,0,0]]"
/home/adnan-cdx/codex-isolated/gather_restickify_clean_20260706_113236/runs/granite_s512_latest_acceptance_20260707_204801/relayout_enabled_pinned_fms/block_prefill/cache/inductor-spyre/sdsc_fused_linear_rms_norm_0_uud_oq35/sdsc_7.json,7_batchmatmul,batchmatmul,32,2_Tensor2,OUTPUT,hbm+lx,"layout=out,mb; stick=out; stick_size=[64]",-0xce..-0xaf (32 unique),in=0 mb=0:3 (4 unique) out=0:7 (8 unique),"all [[-1,0,0,0]]"
